,회사명,거래소코드,회계년도,회생여부,이자보상배율(이자비용),이자보상배율(이자비용)_전년도
0,케이알모터스(주),000040,2012.0,False,-6.47,2.21
1,케이알모터스(주),000040,2013.0,False,-4.29,-6.47
2,(주)경방,000050,2012.0,True,0.36,1.15
3,(주)삼양홀딩스,000070,2013.0,True,0.14,1.4
4,(주)두산,000150,2015.0,True,0.38,1.43
5,성창기업지주(주),000180,2013.0,False,-1.39,0.04
6,성창기업지주(주),000180,2016.0,False,0.62,1.94
7,성창기업지주(주),000180,2017.0,False,-0.19,0.62
8,디엘(주),000210,2013.0,False,0.53,6.12
9,디엘(주),000210,2014.0,True,-3.33,0.53
10,일동홀딩스(주),000230,2016.0,False,-2.33,4.43
11,일동홀딩스(주),000230,2017.0,False,0.61,-2.33
12,(주)대유플러스,000300,2012.0,True,-4.88,0.65
13,(주)대유플러스,000300,2014.0,False,0.21,2.74
14,(주)대유플러스,000300,2015.0,True,0.38,0.21
15,조선내화(주),000480,2017.0,True,-0.64,7.21
16,(주)대동,000490,2012.0,True,0.1,2.44
17,(주)대동,000490,2015.0,False,0.81,1.01
18,(주)대동,000490,2016.0,True,-1.84,0.81
19,(주)대동,000490,2018.0,True,0.5,2.22
20,삼일제약(주),000520,2017.0,False,0.74,3.53
21,삼일제약(주),000520,2018.0,True,-2.39,0.74
22,(주)천일고속,000650,2012.0,True,-67.92,185.42
23,(주)천일고속,000650,2017.0,False,-160.58,2301.71
24,(주)천일고속,000650,2018.0,True,-160.58,-160.58
25,에스케이하이닉스(주),000660,2012.0,True,-0.72,1.05
26,(주)영풍,000670,2014.0,False,-2.84,10.2
27,(주)영풍,000670,2015.0,False,-0.66,-2.84
28,(주)영풍,000670,2018.0,True,-9.39,17.21
29,(주)엘에스네트웍스,000680,2012.0,False,0.46,0.37
30,(주)유수홀딩스,000700,2012.0,False,-19.16,-160.58
31,보해양조(주),000890,2016.0,False,-3.86,3.26
32,보해양조(주),000890,2017.0,False,0.94,-3.86
33,(주)유니온,000910,2017.0,False,0.18,6.4
34,(주)유니온,000910,2018.0,True,-0.26,0.18
35,전방(주),000950,2012.0,False,-4.14,-3.75
36,신라섬유(주),001000,2015.0,True,-9.55,1.94
37,신라섬유(주),001000,2017.0,True,0.93,1.31
38,페이퍼코리아(주),001020,2013.0,False,0.18,1.07
39,페이퍼코리아(주),001020,2014.0,False,-0.75,0.18
40,제이더블유중외제약(주),001060,2012.0,True,0.39,0.67
41,대한방직(주),001070,2012.0,False,-1.36,-1.26
42,(주)국보,001140,2012.0,False,0.64,0.75
43,금호전기(주),001210,2012.0,False,-1.19,1.35
44,금호전기(주),001210,2013.0,False,-0.35,-1.19
45,동국제강(주),001230,2012.0,False,-0.31,1.27
46,동국제강(주),001230,2013.0,False,0.4,-0.31
47,백광산업(주),001340,2013.0,False,-6.15,2.51
48,백광산업(주),001340,2014.0,True,-3.33,-6.15
49,삼성제약(주),001360,2012.0,False,0.16,0.22
50,(주)에스지글로벌,001380,2012.0,True,-3.59,1.0
51,(주)에스지글로벌,001380,2014.0,False,0.51,4.14
52,(주)에스지글로벌,001380,2015.0,True,-2.56,0.51
53,(주)에스지글로벌,001380,2017.0,True,-0.99,1.98
54,디아이동일(주),001530,2012.0,True,-0.14,3.99
55,(주)조비,001550,2014.0,True,0.44,1.43
56,케이비아이동국실업(주),001620,2014.0,True,0.3,6.36
57,케이비아이동국실업(주),001620,2017.0,False,-5.38,3.2
58,케이비아이동국실업(주),001620,2018.0,False,-1.68,-5.38
59,(주)신화다이나믹스,001770,2013.0,True,-0.56,2.27
60,(주)신화다이나믹스,001770,2016.0,False,0.99,3.32
61,(주)신화다이나믹스,001770,2017.0,True,-3.14,0.99
62,(주)알루코,001780,2012.0,True,0.39,0.99
63,(주)알루코,001780,2018.0,False,0.66,2.81
64,삼화콘덴서공업(주),001820,2014.0,True,-4.66,4.86
65,이화공영(주),001840,2018.0,True,0.7,24.56
66,한국유리공업(주),002000,2013.0,True,-14.32,-22.94
67,(주)코오롱,002020,2012.0,False,0.42,6.11
68,(주)코오롱,002020,2013.0,False,0.73,0.42
69,(주)비비안,002070,2012.0,False,-0.74,7.35
70,(주)비비안,002070,2013.0,False,-3.13,-0.74
71,(주)도화엔지니어링,002150,2012.0,True,0.32,9.27
72,(주)도화엔지니어링,002150,2014.0,True,0.97,2.52
73,한국수출포장공업(주),002200,2017.0,True,-10.75,7.01
74,동성제약(주),002210,2013.0,False,-1.08,1.42
75,동성제약(주),002210,2014.0,False,-1.17,-1.08
76,한일철강(주),002220,2018.0,False,-0.55,1.41
77,피에스텍(주),002230,2012.0,True,-1.31,5.54
78,피에스텍(주),002230,2018.0,False,-7.76,57.26
79,알보젠코리아(주),002250,2014.0,True,-17.56,14.44
80,아세아제지(주),002310,2015.0,True,-0.2,5.58
81,(주)한진,002320,2016.0,False,-0.23,1.13
82,(주)한진,002320,2017.0,False,0.35,-0.23
83,(주)한독,002390,2017.0,True,-0.33,1.17
84,(주)삼익악기,002450,2017.0,True,0.49,3.13
85,(주)한탑,002680,2013.0,False,-0.05,2.35
86,(주)한탑,002680,2014.0,False,-1.01,-0.05
87,동일제강(주),002690,2018.0,True,-160.58,596.89
88,신일전자(주),002700,2014.0,False,-0.29,14.66
89,신일전자(주),002700,2015.0,True,-8.05,-0.29
90,(주)TCC스틸,002710,2012.0,False,0.57,1.41
91,(주)TCC스틸,002710,2013.0,False,-0.59,0.57
92,(주)선앤엘,002820,2012.0,True,-0.99,2.31
93,(주)선앤엘,002820,2014.0,True,0.64,1.01
94,(주)선앤엘,002820,2017.0,False,0.43,3.22
95,(주)선앤엘,002820,2018.0,False,-1.08,0.43
96,신풍,002870,2012.0,False,-7.91,-5.15
97,신풍,002870,2017.0,True,-6.4,6.61
98,(주)대유에이텍,002880,2017.0,False,0.89,1.64
99,(주)대유에이텍,002880,2018.0,True,0.49,0.89
100,티와이엠(주),002900,2014.0,True,0.24,1.8
101,티와이엠(주),002900,2016.0,False,0.77,1.05
102,티와이엠(주),002900,2017.0,False,-0.19,0.77
103,(주)혜인,003010,2012.0,False,-0.67,1.78
104,(주)혜인,003010,2013.0,True,0.17,-0.67
105,(주)혜인,003010,2015.0,True,0.59,1.64
106,(주)혜인,003010,2017.0,True,0.55,1.31
107,코오롱글로벌(주),003070,2012.0,False,-0.08,1.27
108,코오롱글로벌(주),003070,2013.0,False,0.31,-0.08
109,성보화학(주),003080,2017.0,True,-160.58,20.41
110,(주)디아이,003160,2012.0,True,0.33,-2.08
111,흥아해운(주),003280,2016.0,False,0.21,1.02
112,흥아해운(주),003280,2017.0,False,-0.42,0.21
113,한일홀딩스(주),003300,2018.0,True,0.53,6.06
114,대주산업(주),003310,2012.0,True,0.61,1.24
115,(주)한진중공업홀딩스,003480,2012.0,False,-0.24,11.47
116,(주)한진중공업홀딩스,003480,2013.0,False,-3.5,-0.24
117,(주)대한항공,003490,2012.0,False,0.55,0.81
118,영진약품(주),003520,2018.0,True,-8.02,6.54
119,(주)아이에이치큐,003560,2013.0,False,-0.7,18.7
120,(주)아이에이치큐,003560,2014.0,True,-3.99,-0.7
121,SNT중공업(주),003570,2014.0,True,-10.19,42.38
122,SNT중공업(주),003570,2016.0,False,-6.0,126.48
123,SNT중공업(주),003570,2017.0,True,-160.58,-6.0
124,에이치엘비글로벌(주),003580,2017.0,False,-0.64,3.01
125,에이치엘비글로벌(주),003580,2018.0,False,-1.43,-0.64
126,쌍용자동차(주),003620,2017.0,False,-71.03,34.69
127,쌍용자동차(주),003620,2018.0,False,-66.57,-71.03
128,한성기업(주),003680,2014.0,True,0.34,1.2
129,한성기업(주),003680,2018.0,False,0.17,1.51
130,삼영화학공업(주),003720,2013.0,False,-9.99,7.72
131,삼영화학공업(주),003720,2014.0,False,-12.1,-9.99
132,대한화섬(주),003830,2012.0,False,-4.61,3.96
133,대한화섬(주),003830,2013.0,False,-3.72,-4.61
134,남양유업(주),003920,2013.0,False,-160.58,2301.71
135,남양유업(주),003920,2014.0,True,-160.58,-160.58
136,롯데정밀화학(주),004000,2013.0,False,-3.32,674.99
137,롯데정밀화학(주),004000,2014.0,False,-1.34,-3.32
138,(주)에스지세계물산,004060,2012.0,False,0.29,4.4
139,(주)에스지세계물산,004060,2013.0,False,-5.63,0.29
140,(주)에스지세계물산,004060,2017.0,True,-4.57,1.83
141,(주)신흥,004080,2012.0,True,0.58,2.87
142,(주)동방,004140,2013.0,False,0.15,1.03
143,(주)동방,004140,2014.0,True,-0.03,0.15
144,한솔홀딩스(주),004150,2014.0,True,0.71,1.64
145,한솔홀딩스(주),004150,2017.0,True,-0.01,1.09
146,고려개발(주),004200,2015.0,True,-6.03,1.19
147,(주)남성,004270,2012.0,False,-0.01,-0.06
148,(주)남성,004270,2018.0,False,0.23,1.79
149,서울식품공업(주),004410,2018.0,False,0.72,1.08
150,송원산업(주),004430,2014.0,True,0.19,2.36
151,깨끗한나라(주),004540,2015.0,True,0.99,1.69
152,깨끗한나라(주),004540,2017.0,False,-5.38,3.79
153,깨끗한나라(주),004540,2018.0,False,-3.58,-5.38
154,한솔테크닉스(주),004710,2012.0,False,-3.12,-4.39
155,팜젠사이언스(주),004720,2012.0,False,-5.58,-2.72
156,(주)덕성,004830,2015.0,True,0.96,2.0
157,(주)덕성,004830,2018.0,False,-2.67,2.56
158,조광페인트(주),004910,2018.0,False,0.08,10.69
159,(주)씨아이테크,004920,2016.0,False,-1.99,2.29
160,(주)씨아이테크,004920,2017.0,False,-5.71,-1.99
161,한신공영(주),004960,2014.0,True,-1.93,1.43
162,신라교역(주),004970,2015.0,True,-7.09,4.13
163,(주)휴스틸,005010,2016.0,True,0.68,3.4
164,부산주공(주),005030,2012.0,False,0.58,1.62
165,부산주공(주),005030,2013.0,True,-0.03,0.58
166,부산주공(주),005030,2015.0,False,0.87,1.17
167,부산주공(주),005030,2016.0,False,-1.53,0.87
168,코스모신소재(주),005070,2012.0,False,-1.95,0.33
169,에스지씨에너지(주),005090,2014.0,True,0.55,1.18
170,에스지씨에너지(주),005090,2016.0,False,0.1,1.03
171,에스지씨에너지(주),005090,2017.0,False,-1.29,0.1
172,(주)한창,005110,2015.0,True,-8.53,6.61
173,(주)국동,005320,2017.0,True,-2.28,5.25
174,(주)모나미,005360,2013.0,True,-0.2,1.5
175,코스모화학(주),005420,2012.0,False,0.44,2.31
176,코스모화학(주),005420,2013.0,False,-0.8,0.44
177,코스모화학(주),005420,2018.0,False,0.78,1.62
178,(주)신한,005450,2015.0,False,-0.75,2.19
179,(주)신한,005450,2016.0,True,-3.1,-0.75
180,에스엘(주),005850,2018.0,True,0.53,8.72
181,한일사료(주),005860,2012.0,True,0.88,2.73
182,한일사료(주),005860,2015.0,True,-4.03,3.53
183,한일사료(주),005860,2017.0,False,-0.35,2.56
184,한일사료(주),005860,2018.0,True,0.67,-0.35
185,(주)이수화학,005950,2013.0,False,0.0,2.19
186,(주)이수화학,005950,2014.0,False,-0.99,0.0
187,(주)이수화학,005950,2018.0,False,0.35,1.49
188,성지건설(주),005980,2015.0,False,-28.5,1.82
189,(주)국영지앤엠,006050,2012.0,True,-4.57,-160.58
190,(주)국영지앤엠,006050,2015.0,True,-15.79,5.13
191,(주)국영지앤엠,006050,2018.0,True,-18.31,17.57
192,(주)화승인더스트리,006060,2013.0,True,0.86,1.06
193,(주)사조오양,006090,2013.0,False,0.34,2.72
194,(주)사조오양,006090,2014.0,True,-1.68,0.34
195,삼아알미늄(주),006110,2013.0,False,0.89,2.3
196,삼아알미늄(주),006110,2014.0,False,0.1,0.89
197,대원전선(주),006340,2017.0,True,0.62,3.91
198,지에스건설(주),006360,2013.0,False,-7.14,2.26
199,지에스건설(주),006360,2014.0,True,0.44,-7.14
200,(주)카프로,006380,2012.0,False,-6.67,41.07
201,(주)카프로,006380,2013.0,False,-18.79,-6.67
202,삼성SDI(주),006400,2013.0,True,-0.83,7.64
203,삼성SDI(주),006400,2015.0,False,-1.1,1.74
204,삼성SDI(주),006400,2016.0,True,-26.36,-1.1
205,대림통상(주),006570,2012.0,False,-0.1,0.71
206,대림통상(주),006570,2017.0,False,0.65,1.31
207,대림통상(주),006570,2018.0,False,-0.43,0.65
208,대양제지공업(주),006580,2015.0,True,-0.86,3.4
209,대한유화(주),006650,2012.0,True,-0.39,4.4
210,삼성공조(주),006660,2018.0,False,-4.27,14.95
211,(주)서부티엔디,006730,2017.0,False,-1.03,1.39
212,(주)서부티엔디,006730,2018.0,False,0.0,-1.03
213,영풍제지(주),006740,2015.0,True,-5.97,2.63
214,신송홀딩스(주),006880,2016.0,False,-8.42,6.32
215,신송홀딩스(주),006880,2017.0,False,-0.92,-8.42
216,보성파워텍(주),006910,2013.0,False,0.65,1.58
217,보성파워텍(주),006910,2014.0,True,-2.57,0.65
218,보성파워텍(주),006910,2016.0,False,-4.93,1.26
219,보성파워텍(주),006910,2017.0,False,-23.59,-4.93
220,(주)우성,006980,2017.0,False,-2.32,1.3
221,(주)우성,006980,2018.0,False,-2.18,-2.32
222,(주)일신석재,007110,2014.0,False,0.17,2.61
223,(주)일신석재,007110,2015.0,False,-5.83,0.17
224,(주)미래아이앤지,007120,2013.0,False,-4.61,2.68
225,(주)미래아이앤지,007120,2014.0,False,-8.49,-4.61
226,(주)한국특강,007280,2012.0,False,0.54,1.29
227,(주)한국특강,007280,2013.0,False,0.0,0.54
228,진양제약(주),007370,2015.0,False,-28.1,636.61
229,진양제약(주),007370,2016.0,False,-29.59,-28.1
230,(주)네이처셀,007390,2012.0,True,-0.67,-1.42
231,(주)네이처셀,007390,2014.0,False,-2.98,1.54
232,(주)네이처셀,007390,2015.0,False,-2.61,-2.98
233,(주)에이프로젠,007460,2013.0,True,0.51,1.94
234,(주)에이프로젠,007460,2018.0,False,0.08,1.2
235,영신금속공업(주),007530,2016.0,False,0.2,2.33
236,영신금속공업(주),007530,2017.0,True,-2.79,0.2
237,선도전기(주),007610,2018.0,False,0.96,1.55
238,(주)폴루스바이오팜,007630,2015.0,False,-5.81,2.23
239,(주)폴루스바이오팜,007630,2016.0,False,-4.42,-5.81
240,(주)이수페타시스,007660,2017.0,False,-1.03,1.47
241,(주)이수페타시스,007660,2018.0,False,0.82,-1.03
242,(주)대명소노시즌,007720,2012.0,True,-12.1,-10.93
243,(주)대명소노시즌,007720,2015.0,False,-21.65,225.92
244,(주)대명소노시즌,007720,2016.0,True,0.23,-21.65
245,(주)대명소노시즌,007720,2018.0,True,0.9,1.44
246,(주)코리아써키트,007810,2018.0,True,-9.72,7.68
247,(주)에스엠코어,007820,2016.0,True,-160.58,31.52
248,(주)서연,007860,2017.0,False,-0.8,5.61
249,(주)서연,007860,2018.0,True,0.2,-0.8
250,태평양물산(주),007980,2012.0,True,0.77,2.11
251,태평양물산(주),007980,2016.0,True,-3.66,1.49
252,사조동아원(주),008040,2012.0,False,0.35,-0.5
253,원풍물산(주),008290,2014.0,True,0.97,1.43
254,원풍물산(주),008290,2016.0,True,0.82,2.13
255,원풍물산(주),008290,2018.0,False,-0.88,1.17
256,(주)남선알미늄,008350,2012.0,True,-0.73,0.85
257,문배철강(주),008420,2012.0,True,0.89,1.94
258,일정실업(주),008500,2017.0,False,-72.45,341.03
259,일정실업(주),008500,2018.0,False,-33.23,-72.45
260,(주)윌비스,008600,2012.0,True,-0.44,2.16
261,(주)윌비스,008600,2018.0,False,0.63,1.48
262,아남전자(주),008700,2012.0,False,-0.49,0.44
263,아남전자(주),008700,2018.0,True,-4.31,2.27
264,(주)행남사,008800,2014.0,False,-1.99,1.09
265,(주)행남사,008800,2015.0,False,0.24,-1.99
266,대동기어(주),008830,2012.0,False,-2.51,2.53
267,대동기어(주),008830,2013.0,False,0.28,-2.51
268,동양철관(주),008970,2013.0,False,-2.65,1.86
269,동양철관(주),008970,2014.0,True,-3.4,-2.65
270,동양철관(주),008970,2016.0,False,-5.16,1.41
271,동양철관(주),008970,2017.0,False,-3.32,-5.16
272,삼성전기(주),009150,2014.0,True,0.04,11.0
273,삼성전기(주),009150,2016.0,True,0.5,8.51
274,무림페이퍼(주),009200,2012.0,True,0.94,1.15
275,무림페이퍼(주),009200,2014.0,True,0.78,1.8
276,(주)신원,009270,2012.0,True,0.08,0.22
277,(주)신원,009270,2017.0,False,0.11,2.14
278,(주)신원,009270,2018.0,True,0.23,0.11
279,참엔지니어링(주),009310,2012.0,True,-3.28,5.93
280,참엔지니어링(주),009310,2014.0,True,0.22,2.26
281,(주)태영건설,009410,2014.0,True,0.48,2.48
282,한올바이오파마(주),009420,2012.0,False,-1.29,-2.88
283,(주)한창제지,009460,2012.0,True,0.82,1.02
284,삼화전기(주),009470,2012.0,True,0.64,-0.62
285,삼화전기(주),009470,2015.0,True,-2.32,1.24
286,(주)포스코엠텍,009520,2013.0,False,-0.86,2.51
287,(주)포스코엠텍,009520,2014.0,True,-3.21,-0.86
288,한국조선해양(주),009540,2014.0,False,-12.73,2.48
289,한국조선해양(주),009540,2015.0,True,-7.25,-12.73
290,한국조선해양(주),009540,2017.0,False,0.16,6.8
291,한국조선해양(주),009540,2018.0,True,-3.77,0.16
292,무림피앤피(주),009580,2014.0,True,0.87,2.91
293,삼보산업(주),009620,2013.0,False,0.15,1.0
294,삼보산업(주),009620,2014.0,True,0.32,0.15
295,삼보산업(주),009620,2016.0,False,-0.25,1.15
296,삼보산업(주),009620,2017.0,False,-0.57,-0.25
297,(주)코센,009730,2012.0,True,-2.47,-9.21
298,(주)코센,009730,2014.0,True,0.75,1.77
299,(주)코센,009730,2016.0,False,-4.3,1.29
300,(주)코센,009730,2017.0,False,0.77,-4.3
301,삼정펄프(주),009770,2018.0,True,-90.0,120.19
302,(주)플레이그램,009810,2012.0,False,-160.58,26.12
303,(주)플레이그램,009810,2013.0,False,-160.58,-160.58
304,한화솔루션(주),009830,2012.0,False,0.02,1.7
305,한화솔루션(주),009830,2013.0,False,0.44,0.02
306,OCI(주),010060,2013.0,False,-1.21,1.86
307,OCI(주),010060,2014.0,False,0.48,-1.21
308,한국프랜지공업(주),010100,2017.0,False,-2.21,1.55
309,한국프랜지공업(주),010100,2018.0,True,0.24,-2.21
310,삼성중공업(주),010140,2015.0,False,-34.82,7.06
311,삼성중공업(주),010140,2016.0,False,-2.14,-34.82
312,대한광통신(주),010170,2013.0,False,0.18,2.38
313,대한광통신(주),010170,2014.0,False,0.21,0.18
314,쌍용정보통신(주),010280,2014.0,False,-86.67,9.47
315,쌍용정보통신(주),010280,2015.0,False,-53.66,-86.67
316,웰바이오텍(주),010600,2014.0,True,0.48,3.26
317,웰바이오텍(주),010600,2016.0,False,-1.12,4.91
318,웰바이오텍(주),010600,2017.0,False,-8.77,-1.12
319,(주)현대미포조선,010620,2013.0,False,-76.29,34.89
320,(주)현대미포조선,010620,2014.0,True,-71.73,-76.29
321,진양폴리우레탄(주),010640,2016.0,False,-1.47,8.67
322,진양폴리우레탄(주),010640,2017.0,True,-7.26,-1.47
323,화천기계(주),010660,2016.0,True,-160.58,683.11
324,화천기계(주),010660,2018.0,False,-160.58,2301.71
325,(주)화신,010690,2017.0,False,-2.0,4.49
326,(주)화신,010690,2018.0,False,-1.28,-2.0
327,평화홀딩스(주),010770,2012.0,False,0.53,0.02
328,평화홀딩스(주),010770,2017.0,False,-0.51,1.41
329,평화홀딩스(주),010770,2018.0,False,-2.01,-0.51
330,퍼스텍(주),010820,2016.0,False,0.32,1.76
331,퍼스텍(주),010820,2017.0,False,0.69,0.32
332,에쓰-오일(주),010950,2014.0,True,-6.79,6.83
333,LG이노텍(주),011070,2012.0,True,0.71,-0.66
334,(주)형지아이앤씨,011080,2015.0,False,0.96,2.33
335,(주)형지아이앤씨,011080,2016.0,False,-0.51,0.96
336,(주)에넥스,011090,2012.0,True,-5.64,4.88
337,에이치엠엠(주),011200,2012.0,False,-1.56,-1.4
338,현대위아(주),011210,2017.0,False,0.31,5.8
339,현대위아(주),011210,2018.0,True,0.08,0.31
340,태림포장(주),011280,2015.0,True,0.54,4.14
341,태림포장(주),011280,2017.0,True,0.52,2.55
342,(주)성안,011300,2012.0,False,0.9,2.1
343,(주)성안,011300,2013.0,False,0.46,0.9
344,(주)유니크,011320,2018.0,True,-0.01,2.6
345,(주)갤럭시아에스엠,011420,2014.0,True,-0.88,1.9
346,(주)갤럭시아에스엠,011420,2016.0,False,-18.76,5.69
347,(주)갤럭시아에스엠,011420,2017.0,False,-35.52,-18.76
348,(주)와이투솔루션,011690,2012.0,False,0.47,-0.67
349,(주)와이투솔루션,011690,2016.0,False,-3.23,1.78
350,(주)와이투솔루션,011690,2017.0,False,-1.04,-3.23
351,(주)STX,011810,2012.0,False,-3.12,1.66
352,(주)STX,011810,2013.0,False,-10.71,-3.12
353,(주)STX,011810,2018.0,False,-1.12,2.02
354,(주)신성이엔지,011930,2012.0,False,-3.08,-1.67
355,(주)디비아이엔씨,012030,2014.0,True,-0.87,1.03
356,(주)디비아이엔씨,012030,2018.0,True,0.3,1.82
357,(주)영흥,012160,2016.0,False,0.28,1.51
358,(주)영흥,012160,2017.0,False,0.56,0.28
359,(주)아센디오,012170,2012.0,False,-1.32,13.19
360,(주)아센디오,012170,2013.0,False,-4.15,-1.32
361,영화금속(주),012280,2018.0,False,0.41,4.13
362,(주)뉴인텍,012340,2012.0,False,-3.18,0.99
363,한화에어로스페이스(주),012450,2014.0,False,0.4,4.83
364,한화에어로스페이스(주),012450,2015.0,True,-3.59,0.4
365,(주)모나리자,012690,2018.0,True,-160.58,408.16
366,(주)대창,012800,2012.0,False,0.57,1.4
367,(주)대창,012800,2013.0,False,0.06,0.57
368,(주)모베이스전자,012860,2017.0,False,-1.6,2.41
369,(주)모베이스전자,012860,2018.0,False,0.15,-1.6
370,아진산업(주),013310,2018.0,True,0.67,1.85
371,일성건설(주),013360,2012.0,True,-1.91,1.71
372,일성건설(주),013360,2014.0,True,-5.87,1.72
373,계룡건설산업(주),013580,2013.0,False,-1.77,1.45
374,계룡건설산업(주),013580,2014.0,True,-4.23,-1.77
375,(주)까뮤이앤씨,013700,2012.0,False,0.46,-14.28
376,씨비아이(주),013720,2016.0,False,0.54,2.11
377,씨비아이(주),013720,2017.0,False,-0.94,0.54
378,(주)스페코,013810,2013.0,True,0.4,1.12
379,(주)스페코,013810,2018.0,True,-3.62,1.26
380,(주)아가방앤컴퍼니,013990,2014.0,False,-28.74,9.64
381,(주)아가방앤컴퍼니,013990,2015.0,True,0.58,-28.74
382,(주)아가방앤컴퍼니,013990,2017.0,False,-16.64,7.05
383,(주)아가방앤컴퍼니,013990,2018.0,False,-106.56,-16.64
384,메디앙스(주),014100,2012.0,False,-0.36,-3.19
385,대영포장(주),014160,2017.0,True,-3.58,7.32
386,(주)원익큐브,014190,2012.0,False,0.7,1.3
387,(주)원익큐브,014190,2013.0,True,0.94,0.7
388,(주)원익큐브,014190,2018.0,False,-0.66,2.68
389,(주)광림,014200,2014.0,False,0.7,6.18
390,(주)광림,014200,2015.0,False,0.43,0.7
391,(주)부방,014470,2017.0,True,-14.91,54.52
392,(주)성광벤드,014620,2017.0,False,-160.58,35.12
393,(주)성광벤드,014620,2018.0,True,-49.86,-160.58
394,에이치엘디앤아이한라(주),014790,2012.0,False,-2.12,1.06
395,에이치엘디앤아이한라(주),014790,2013.0,False,-2.32,-2.12
396,성문전자(주),014910,2012.0,False,-5.37,11.62
397,성문전자(주),014910,2013.0,False,-12.18,-5.37
398,(주)오리엔탈정공,014940,2012.0,False,-3.42,-3.54
399,삼륭물산(주),014970,2018.0,True,0.95,6.04
400,(주)이스타코,015020,2014.0,False,-5.48,20.03
401,(주)이스타코,015020,2015.0,False,-2.39,-5.48
402,(주)에이엔피,015260,2016.0,False,0.78,1.93
403,(주)에이엔피,015260,2017.0,False,-3.92,0.78
404,(주)예스코홀딩스,015360,2014.0,True,0.6,1.85
405,(주)큐로,015590,2014.0,False,0.79,2.23
406,(주)큐로,015590,2015.0,False,-2.02,0.79
407,(주)큐로,015590,2018.0,True,-2.64,1.43
408,한국전력공사(주),015760,2018.0,False,-0.11,2.77
409,일진홀딩스(주),015860,2012.0,True,-0.42,-0.05
410,일진홀딩스(주),015860,2016.0,False,0.15,2.6
411,일진홀딩스(주),015860,2017.0,True,0.63,0.15
412,태경산업(주),015890,2015.0,True,-1.22,5.3
413,(주)리더스코스메틱,016100,2017.0,False,-0.16,13.26
414,(주)리더스코스메틱,016100,2018.0,False,-5.07,-0.16
415,에스지씨이테크건설(주),016250,2013.0,True,0.12,4.43
416,(주)웅진,016880,2016.0,True,-3.0,1.48
417,(주)웅진,016880,2018.0,False,-13.96,2.18
418,(주)카스,016920,2014.0,False,-0.84,1.52
419,(주)카스,016920,2015.0,False,0.26,-0.84
420,신원종합개발(주),017000,2015.0,True,-1.74,1.0
421,명문제약(주),017180,2012.0,True,-0.82,1.99
422,명문제약(주),017180,2014.0,False,0.95,1.0
423,명문제약(주),017180,2015.0,True,-0.74,0.95
424,(주)우신시스템,017370,2018.0,False,-0.28,2.06
425,서울도시가스(주),017390,2015.0,False,-5.98,4.86
426,서울도시가스(주),017390,2016.0,True,-22.46,-5.98
427,(주)대림제지,017650,2015.0,True,-44.32,86.15
428,광전자(주),017900,2012.0,False,-3.78,-9.6
429,(주)이원,017940,2015.0,False,0.68,1.7
430,(주)이원,017940,2016.0,True,0.24,0.68
431,(주)이원,017940,2018.0,True,0.31,2.02
432,유니슨(주),018000,2018.0,False,0.14,2.29
433,조일알미늄(주),018470,2014.0,False,-2.41,1.77
434,조일알미늄(주),018470,2015.0,False,-3.11,-2.41
435,우진비앤지(주),018620,2015.0,False,0.0,4.76
436,우진비앤지(주),018620,2016.0,False,0.46,0.0
437,(주)서울제약,018680,2015.0,False,0.64,3.16
438,(주)서울제약,018680,2016.0,False,-0.95,0.64
439,신풍제약(주),019170,2015.0,True,0.65,2.54
440,(주)티에이치엔,019180,2012.0,False,-4.36,4.15
441,(주)티에이치엔,019180,2013.0,False,-4.34,-4.36
442,(주)일지테크,019540,2017.0,False,0.15,4.99
443,(주)일지테크,019540,2018.0,False,0.27,0.15
444,(주)서연탑메탈,019770,2018.0,False,-0.47,2.39
445,(주)키다리스튜디오,020120,2017.0,True,-10.91,3.32
446,일진머티리얼즈(주),020150,2012.0,False,-3.26,9.73
447,일진머티리얼즈(주),020150,2013.0,False,-5.04,-3.26
448,대동금속(주),020400,2012.0,True,0.84,2.45
449,아시아나항공(주),020560,2013.0,False,-0.08,1.11
450,아시아나항공(주),020560,2014.0,False,0.64,-0.08
451,아시아나항공(주),020560,2018.0,False,0.17,1.6
452,(주)시공테크,020710,2015.0,False,-160.58,2301.71
453,(주)시공테크,020710,2016.0,True,-160.58,-160.58
454,(주)시공테크,020710,2018.0,True,-160.58,2301.71
455,일진디스플레이(주),020760,2015.0,False,-17.71,35.29
456,일진디스플레이(주),020760,2016.0,True,-23.88,-17.71
457,일진디스플레이(주),020760,2018.0,False,0.14,11.72
458,(주)대호특수강,021040,2012.0,False,-0.45,0.54
459,(주)서원,021050,2012.0,False,0.58,0.95
460,(주)케이씨씨건설,021320,2012.0,False,0.65,5.09
461,(주)케이씨씨건설,021320,2013.0,False,-3.23,0.65
462,티케이지애강(주),022220,2012.0,False,-0.46,0.43
463,(주)MH에탄올,023150,2013.0,True,0.87,1.08
464,(주)MH에탄올,023150,2018.0,False,0.1,3.46
465,(주)한국종합기술,023350,2017.0,False,-4.35,2.65
466,(주)한국종합기술,023350,2018.0,False,-3.58,-4.35
467,아이이(주),023430,2014.0,False,-3.07,2.13
468,(주)플레이위드,023770,2018.0,True,-3.33,1.43
469,동일철강(주),023790,2012.0,False,-1.77,0.86
470,동일철강(주),023790,2017.0,False,0.12,1.46
471,동일철강(주),023790,2018.0,False,-1.43,0.12
472,(주)인팩,023810,2017.0,True,-2.75,29.6
473,에쓰씨엔지니어링(주),023960,2012.0,False,0.53,-4.54
474,흥구석유(주),024060,2013.0,True,-1.98,4.66
475,(주)위스컴,024070,2018.0,True,-160.58,15.11
476,디씨엠(주),024090,2014.0,True,-1.62,2.39
477,한일단조공업(주),024740,2012.0,True,0.64,1.55
478,한일단조공업(주),024740,2017.0,False,0.19,1.62
479,한일단조공업(주),024740,2018.0,True,0.14,0.19
480,(주)유성티엔에스,024800,2012.0,True,0.41,0.87
481,(주)유성티엔에스,024800,2018.0,True,0.8,2.16
482,이화전기공업(주),024810,2012.0,False,-2.9,0.66
483,이화전기공업(주),024810,2018.0,True,-18.23,2.68
484,(주)세원물산,024830,2012.0,False,-0.86,7.3
485,(주)세원물산,024830,2013.0,False,-9.4,-0.86
486,케이비아이메탈(주),024840,2014.0,False,-1.26,1.05
487,케이비아이메탈(주),024840,2015.0,True,-0.98,-1.26
488,(주)피에스엠씨,024850,2014.0,False,-7.98,2.38
489,(주)피에스엠씨,024850,2015.0,False,-34.23,-7.98
490,경창산업(주),024910,2012.0,True,0.94,0.47
491,경창산업(주),024910,2017.0,True,-0.25,2.82
492,삼천리자전거(주),024950,2017.0,False,0.14,3.78
493,삼천리자전거(주),024950,2018.0,False,-7.63,0.14
494,(주)시노펙스,025320,2012.0,True,0.47,2.02
495,(주)시노펙스,025320,2015.0,True,-8.05,1.06
496,(주)대성엘텍,025440,2012.0,False,0.62,-1.38
497,(주)대성엘텍,025440,2018.0,False,-1.03,1.5
498,미래산업(주),025560,2012.0,False,-3.88,-4.21
499,(주)한솔홈데코,025750,2012.0,True,0.71,1.78
500,이구산업(주),025820,2018.0,False,-0.03,3.17
501,남해화학(주),025860,2012.0,True,-8.95,-2.99
502,신라에스지(주),025870,2012.0,True,0.47,3.71
503,신라에스지(주),025870,2015.0,True,-2.28,1.57
504,(주)케이씨피드,025880,2014.0,False,-0.85,1.6
505,(주)케이씨피드,025880,2015.0,True,-0.31,-0.85
506,(주)케이씨피드,025880,2018.0,False,0.37,2.71
507,한국주강(주),025890,2013.0,True,-160.58,3.98
508,한국주강(주),025890,2016.0,False,-160.58,220.55
509,한국주강(주),025890,2017.0,False,-64.08,-160.58
510,동화기업(주),025900,2012.0,False,0.62,1.4
511,동화기업(주),025900,2013.0,True,-0.17,0.62
512,(주)아난티,025980,2012.0,False,-0.54,-6.29
513,(주)제이에스티나,026040,2017.0,False,-0.08,7.07
514,(주)제이에스티나,026040,2018.0,False,-1.53,-0.08
515,(주)특수건설,026150,2012.0,False,0.38,-3.35
516,(주)특수건설,026150,2016.0,True,0.68,1.22
517,광진실업(주),026910,2013.0,True,-0.16,1.83
518,광진실업(주),026910,2015.0,False,-0.63,2.32
519,광진실업(주),026910,2016.0,True,0.38,-0.63
520,서울전자통신(주),027040,2017.0,False,0.63,3.29
521,서울전자통신(주),027040,2018.0,False,-1.19,0.63
522,(주)한화갤러리아타임월드,027390,2016.0,False,-4.82,21.34
523,(주)한화갤러리아타임월드,027390,2017.0,False,-1.93,-4.82
524,(주)상보,027580,2014.0,False,0.38,3.44
525,(주)상보,027580,2015.0,False,-0.53,0.38
526,(주)팜스토리,027710,2013.0,True,0.92,1.21
527,(주)마니커,027740,2012.0,False,-1.31,0.58
528,(주)마니커,027740,2018.0,False,0.09,1.21
529,세하(주),027970,2017.0,True,0.17,2.3
530,(주)미래SCI,028040,2017.0,False,-2.2,1.86
531,삼성엔지니어링(주),028050,2013.0,True,-40.23,37.02
532,삼성엔지니어링(주),028050,2015.0,True,-47.98,5.34
533,삼성엔지니어링(주),028050,2017.0,True,0.87,2.64
534,(주)휴맥스홀딩스,028080,2017.0,False,-12.04,4.38
535,(주)휴맥스홀딩스,028080,2018.0,True,-15.71,-12.04
536,삼성물산(주),028260,2016.0,True,0.67,0.37
537,팬오션(주),028670,2012.0,False,-1.57,-0.27
538,(주)광무,029480,2012.0,False,-2.69,-3.01
539,(주)광무,029480,2015.0,True,-0.8,1.12
540,(주)광무,029480,2017.0,False,0.32,1.93
541,(주)광무,029480,2018.0,False,-3.19,0.32
542,(주)케이티,030200,2014.0,True,-0.58,1.86
543,(주)에스마크,030270,2014.0,False,-1.57,1.3
544,(주)에스마크,030270,2015.0,False,-9.67,-1.57
545,(주)드래곤플라이,030350,2013.0,True,0.18,2301.71
546,(주)드래곤플라이,030350,2017.0,False,-4.35,1.34
547,(주)드래곤플라이,030350,2018.0,False,-4.25,-4.35
548,동원수산(주),030720,2012.0,False,0.78,4.48
549,동원수산(주),030720,2013.0,False,-5.59,0.78
550,동원수산(주),030720,2016.0,True,0.67,1.26
551,비케이탑스(주),030790,2012.0,False,-3.77,2.52
552,비케이탑스(주),030790,2013.0,False,-11.35,-3.77
553,(주)에스에이엠티,031330,2014.0,True,-0.61,3.75
554,(주)녹십자셀,031390,2013.0,True,-7.43,3.56
555,(주)오스템,031510,2014.0,True,0.81,2.26
556,(주)오스템,031510,2018.0,False,-0.38,1.1
557,(주)콤텍시스템,031820,2013.0,False,-5.55,3.58
558,(주)콤텍시스템,031820,2014.0,True,-29.29,-5.55
559,(주)엔에스엔,031860,2013.0,False,-3.95,1.29
560,(주)엔에스엔,031860,2014.0,False,0.73,-3.95
561,(주)씨앤에스자산관리,032040,2014.0,False,-0.35,6.03
562,(주)씨앤에스자산관리,032040,2015.0,False,0.03,-0.35
563,(주)아즈텍더블유비이,032080,2013.0,True,-1.94,1.87
564,(주)아즈텍더블유비이,032080,2017.0,True,-23.17,26.61
565,(주)삼일,032280,2015.0,True,0.42,1.25
566,(주)케이엠더블유,032500,2014.0,False,-2.45,9.21
567,(주)케이엠더블유,032500,2015.0,False,-6.49,-2.45
568,티제이미디어(주),032540,2014.0,True,-15.55,11.48
569,티제이미디어(주),032540,2018.0,True,-8.64,89.16
570,(주)피델릭스,032580,2015.0,False,-4.54,4.23
571,(주)피델릭스,032580,2016.0,True,-8.77,-4.54
572,(주)엘지유플러스,032640,2012.0,True,0.6,1.72
573,(주)소프트센,032680,2015.0,True,-37.73,4.09
574,(주)소프트센,032680,2017.0,True,0.34,5.07
575,(주)비엔지티,032790,2012.0,False,-5.52,-3.65
576,(주)판타지오,032800,2013.0,False,-10.88,-10.91
577,(주)판타지오,032800,2016.0,False,-11.06,2.58
578,(주)판타지오,032800,2017.0,True,-99.89,-11.06
579,(주)우리기술,032820,2012.0,False,-3.14,1.32
580,(주)우리기술,032820,2013.0,False,-4.33,-3.14
581,(주)우리기술,032820,2018.0,False,-1.38,3.44
582,(주)비트컴퓨터,032850,2018.0,True,-27.27,30.8
583,(주)휴먼엔,032860,2012.0,False,-0.5,1.96
584,(주)휴먼엔,032860,2013.0,False,-4.26,-0.5
585,(주)휴먼엔,032860,2018.0,False,-8.86,1.04
586,(주)원익,032940,2017.0,True,0.31,1.27
587,(주)동일기연,032960,2018.0,True,-160.58,2301.71
588,바이온(주),032980,2017.0,False,-1.93,1.01
589,바이온(주),032980,2018.0,False,-0.92,-1.93
590,제이엠아이(주),033050,2012.0,False,-17.38,-10.74
591,제이엠아이(주),033050,2017.0,False,0.3,3.85
592,제이엠아이(주),033050,2018.0,False,-7.54,0.3
593,제룡전기(주),033100,2016.0,False,-49.01,33.55
594,제룡전기(주),033100,2017.0,True,-18.88,-49.01
595,(주)코너스톤네트웍스,033110,2014.0,False,-17.58,1.59
596,(주)코너스톤네트웍스,033110,2015.0,False,-23.0,-17.58
597,시그네틱스(주),033170,2014.0,True,-4.46,8.05
598,시그네틱스(주),033170,2016.0,True,-9.29,5.91
599,시그네틱스(주),033170,2018.0,False,-8.8,3.63
600,(주)케이에이치필룩스,033180,2018.0,False,0.27,3.47
601,(주)모아텍,033200,2013.0,False,-24.64,-3.57
602,(주)인성정보,033230,2015.0,True,-1.26,1.38
603,자화전자(주),033240,2018.0,False,-5.99,14.22
604,코웰패션(주),033290,2013.0,False,-2.28,1.46
605,코웰패션(주),033290,2014.0,True,-2.29,-2.28
606,제이씨현시스템(주),033320,2012.0,True,-11.78,15.87
607,(주)좋은사람들,033340,2013.0,True,0.89,3.13
608,(주)좋은사람들,033340,2016.0,False,-14.74,2.98
609,(주)좋은사람들,033340,2017.0,True,-16.81,-14.74
610,(주)동성화인텍,033500,2017.0,False,-8.98,5.1
611,(주)동성화인텍,033500,2018.0,True,-2.75,-8.98
612,세종공업(주),033530,2017.0,False,-1.2,4.41
613,세종공업(주),033530,2018.0,True,0.03,-1.2
614,(주)파라텍,033540,2018.0,False,-0.17,32.64
615,(주)네패스,033640,2013.0,False,-0.1,7.99
616,(주)네패스,033640,2014.0,False,0.66,-0.1
617,(주)스카이문스테크놀로지,033790,2012.0,False,-160.58,-160.58
618,(주)스카이문스테크놀로지,033790,2015.0,False,-9.89,745.68
619,(주)스카이문스테크놀로지,033790,2016.0,False,-115.37,-9.89
620,(주)무학,033920,2018.0,False,-11.59,53.21
621,두산에너빌리티(주),034020,2015.0,True,0.1,1.39
622,(주)에스비에스,034120,2014.0,True,-5.86,7.01
623,(주)에스비에스,034120,2016.0,True,-1.89,12.17
624,(주)파라다이스,034230,2017.0,False,-1.2,18.72
625,(주)파라다이스,034230,2018.0,True,0.07,-1.2
626,신세계건설(주),034300,2013.0,True,-2.02,1.79
627,조아제약(주),034940,2014.0,False,-7.62,4.79
628,조아제약(주),034940,2015.0,False,0.27,-7.62
629,(주)골드앤에스,035290,2012.0,False,-1.91,1.13
630,(주)골드앤에스,035290,2013.0,False,-3.83,-1.91
631,(주)골드앤에스,035290,2017.0,False,-26.15,2.42
632,(주)골드앤에스,035290,2018.0,False,-4.56,-26.15
633,(주)기산텔레콤,035460,2012.0,True,0.71,-3.73
634,(주)기산텔레콤,035460,2016.0,False,-5.83,2.72
635,(주)기산텔레콤,035460,2017.0,False,-6.37,-5.83
636,(주)제이테크놀로지,035480,2016.0,False,-26.24,1.65
637,(주)바른손이앤에이,035620,2012.0,False,-3.84,7.6
638,(주)바른손이앤에이,035620,2013.0,False,-24.82,-3.84
639,(주)바른손이앤에이,035620,2017.0,False,-0.32,10.8
640,(주)바른손이앤에이,035620,2018.0,False,-14.64,-0.32
641,(주)이지홀딩스,035810,2013.0,True,0.99,1.11
642,(주)서희건설,035890,2012.0,True,0.47,0.76
643,아비코전자(주),036010,2012.0,True,-0.34,4.45
644,(주)클라우드에어,036170,2012.0,True,0.92,6.13
645,(주)클라우드에어,036170,2014.0,True,-1.41,2.04
646,(주)클라우드에어,036170,2018.0,False,0.19,4.83
647,지더블유바이텍(주),036180,2012.0,True,-144.11,262.2
648,(주)인포피아,036220,2013.0,False,-4.34,-2.82
649,(주)이매진아시아,036260,2013.0,False,-9.32,-6.53
650,에스케이 머티리얼즈(주),036490,2013.0,True,0.75,4.99
651,(주)에스에스컴텍,036500,2014.0,False,-0.2,1.99
652,(주)에스에프에이반도체,036540,2013.0,True,-0.44,1.16
653,(주)에스에프에이반도체,036540,2015.0,True,0.29,1.6
654,(주)팜스코,036580,2013.0,True,0.76,2.6
655,세종텔레콤(주),036630,2015.0,False,0.39,47.4
656,세종텔레콤(주),036630,2016.0,True,0.53,0.39
657,세종텔레콤(주),036630,2018.0,False,-0.12,1.26
658,(주)심텍홀딩스,036710,2013.0,True,-3.87,6.62
659,주성엔지니어링(주),036930,2012.0,False,-6.55,0.23
660,(주)한국팩키지,037230,2012.0,False,0.8,88.05
661,(주)한국팩키지,037230,2013.0,False,-117.63,0.8
662,(주)씨엘인터내셔널,037340,2013.0,False,-0.41,1.99
663,(주)이지,037370,2012.0,True,0.93,2.82
664,(주)이지,037370,2015.0,True,-2.44,10.15
665,(주)이지,037370,2018.0,True,-16.3,2.57
666,우리엔터프라이즈(주),037400,2014.0,True,0.08,1.18
667,우리엔터프라이즈(주),037400,2016.0,False,-1.44,3.53
668,우리엔터프라이즈(주),037400,2017.0,False,-0.4,-1.44
669,(주)희림종합건축사사무소,037440,2014.0,True,-3.42,2.36
670,삼지전자(주),037460,2014.0,True,-5.21,4.69
671,(주)루멘스,038060,2017.0,False,-4.5,3.9
672,(주)루멘스,038060,2018.0,False,-6.92,-4.5
673,에코플라스틱(주),038110,2017.0,False,-0.5,1.27
674,에코플라스틱(주),038110,2018.0,True,-0.41,-0.5
675,(주)팍스넷,038160,2018.0,False,-0.16,2301.71
676,(주)삼표시멘트,038500,2018.0,True,0.04,2.82
677,(주)골드퍼시픽,038530,2013.0,False,-11.34,2.66
678,(주)골드퍼시픽,038530,2014.0,False,-4.33,-11.34
679,에스넷시스템(주),038680,2015.0,False,-6.03,101.55
680,에스넷시스템(주),038680,2016.0,True,-11.7,-6.03
681,에코바이오홀딩스(주),038870,2016.0,False,0.64,8.87
682,에코바이오홀딩스(주),038870,2017.0,False,-4.12,0.64
683,(주)아이에이,038880,2012.0,False,-3.4,-9.2
684,(주)아이에이,038880,2017.0,False,-2.85,1.75
685,(주)아이에이,038880,2018.0,True,-0.53,-2.85
686,(주)파인디지털,038950,2015.0,False,-160.58,2301.71
687,(주)파인디지털,038950,2016.0,False,-160.58,-160.58
688,현대에이치티(주),039010,2013.0,True,-17.17,6.72
689,(주)오스코텍,039200,2016.0,False,-2.51,1.02
690,(주)오스코텍,039200,2017.0,True,-11.98,-2.51
691,에이아이비트(주),039230,2015.0,False,-0.27,1.18
692,에이아이비트(주),039230,2016.0,True,-8.14,-0.27
693,에이아이비트(주),039230,2018.0,True,0.48,2.43
694,인포뱅크(주),039290,2013.0,False,-160.58,2301.71
695,인포뱅크(주),039290,2014.0,True,-90.08,-160.58
696,(주)다산네트웍스,039560,2014.0,False,0.98,2.41
697,(주)다산네트웍스,039560,2015.0,False,0.09,0.98
698,한국정보공학(주),039740,2012.0,True,0.74,-1.85
699,한국정보공학(주),039740,2016.0,False,-12.16,3.38
700,한국정보공학(주),039740,2017.0,False,-0.08,-12.16
701,(주)위노바,039790,2013.0,False,-7.01,-0.85
702,(주)디오,039840,2013.0,False,-0.37,1.11
703,(주)디오,039840,2014.0,True,0.45,-0.37
704,(주)와이티엔,040300,2014.0,False,-3.86,1.91
705,(주)와이티엔,040300,2015.0,False,-2.28,-3.86
706,(주)큐로컴,040350,2012.0,False,-3.15,-2.07
707,(주)에스지엔지,040610,2018.0,False,0.68,2.43
708,(주)폴라리스오피스,041020,2015.0,False,-160.58,2.55
709,(주)폴라리스오피스,041020,2016.0,False,-160.58,-160.58
710,넥슨지티(주),041140,2017.0,False,-4.43,2301.71
711,넥슨지티(주),041140,2018.0,False,-29.27,-4.43
712,(주)이라이콤,041520,2017.0,True,-1.88,10.5
713,(주)플래스크,041590,2015.0,False,-2.18,4.84
714,(주)플래스크,041590,2016.0,False,-2.28,-2.18
715,(주)에스텍파마,041910,2014.0,False,-0.04,4.08
716,(주)에스텍파마,041910,2015.0,True,0.62,-0.04
717,(주)코미팜,041960,2012.0,False,0.59,0.34
718,(주)케이피엠테크,042040,2012.0,False,-2.39,-0.98
719,(주)케이피엠테크,042040,2015.0,False,-1.63,2.13
720,(주)케이피엠테크,042040,2016.0,False,-2.13,-1.63
721,라온시큐어(주),042510,2013.0,False,-6.39,2.81
722,라온시큐어(주),042510,2014.0,True,-42.34,-6.39
723,(주)새로닉스,042600,2017.0,True,0.28,9.77
724,대우조선해양(주),042660,2012.0,False,-160.58,2301.71
725,대우조선해양(주),042660,2013.0,False,-160.58,-160.58
726,현대두산인프라코어(주),042670,2012.0,True,0.95,2.05
727,현대두산인프라코어(주),042670,2015.0,True,0.09,1.55
728,(주)상지카일룸,042940,2012.0,False,-5.95,-3.08
729,(주)엑서지21,043090,2014.0,False,-3.28,1.6
730,(주)엑서지21,043090,2015.0,False,0.1,-3.28
731,(주)엑서지21,043090,2018.0,False,-5.62,1.08
732,(주)파루,043200,2017.0,False,-22.5,3.7
733,(주)파루,043200,2018.0,False,-160.58,-22.5
734,성호전자(주),043260,2012.0,False,-2.23,2.18
735,성호전자(주),043260,2013.0,False,-1.33,-2.23
736,성호전자(주),043260,2017.0,False,0.61,1.17
737,성호전자(주),043260,2018.0,False,0.09,0.61
738,케이맥(주),043290,2014.0,True,-5.89,5.81
739,케이맥(주),043290,2017.0,True,-0.33,13.08
740,(주)에쎈테크,043340,2012.0,True,0.34,-1.77
741,(주)에쎈테크,043340,2017.0,True,0.72,2.41
742,(주)디지아이,043360,2012.0,False,0.23,-4.28
743,(주)디지아이,043360,2018.0,False,-86.85,32.97
744,(주)에임하이글로벌,043580,2014.0,False,-7.7,5.62
745,(주)에임하이글로벌,043580,2015.0,False,-28.85,-7.7
746,크로바하이텍(주),043590,2013.0,False,-10.67,5.62
747,크로바하이텍(주),043590,2014.0,False,-7.22,-10.67
748,크로바하이텍(주),043590,2017.0,False,-1.81,2.41
749,크로바하이텍(주),043590,2018.0,False,-9.54,-1.81
750,(주)지니뮤직,043610,2013.0,True,-1.83,4.45
751,(주)국순당,043650,2015.0,False,-160.58,9.17
752,(주)국순당,043650,2016.0,False,-160.58,-160.58
753,(주)서울리거,043710,2013.0,False,-15.81,61.31
754,(주)서울리거,043710,2014.0,False,-19.41,-15.81
755,(주)자연과환경,043910,2015.0,False,0.76,1.07
756,(주)자연과환경,043910,2016.0,False,-13.84,0.76
757,KD(주),044180,2013.0,False,-2.06,1.6
758,KD(주),044180,2014.0,True,-9.32,-2.06
759,KD(주),044180,2017.0,False,-9.74,2.3
760,KD(주),044180,2018.0,True,-3.84,-9.74
761,(주)위닉스,044340,2015.0,False,-2.71,3.01
762,(주)위닉스,044340,2016.0,True,0.69,-2.71
763,(주)블루베리엔에프티,044480,2014.0,False,-23.18,14.09
764,(주)블루베리엔에프티,044480,2015.0,False,-33.34,-23.18
765,(주)태웅,044490,2013.0,True,0.72,1.56
766,(주)태웅,044490,2017.0,False,-0.66,10.08
767,(주)태웅,044490,2018.0,False,-4.38,-0.66
768,(주)에이치케이,044780,2015.0,True,0.85,3.79
769,성우테크론(주),045300,2012.0,False,-0.22,4.62
770,성우테크론(주),045300,2013.0,False,0.73,-0.22
771,(주)토탈소프트뱅크,045340,2012.0,False,-40.02,-47.57
772,(주)토탈소프트뱅크,045340,2015.0,True,-15.07,8.1
773,(주)금빛,045890,2017.0,False,0.03,1.83
774,(주)금빛,045890,2018.0,False,-8.83,0.03
775,(주)코아시아,045970,2013.0,False,0.03,0.86
776,(주)코다코,046070,2017.0,False,0.6,2.4
777,(주)코다코,046070,2018.0,False,-1.51,0.6
778,한일네트웍스(주),046110,2014.0,True,-68.91,23.49
779,(주)오르비텍,046120,2013.0,False,-4.19,6.84
780,(주)오르비텍,046120,2014.0,True,-1.47,-4.19
781,(주)백금티앤에이,046310,2013.0,False,-2.64,1.42
782,(주)백금티앤에이,046310,2014.0,False,0.39,-2.64
783,(주)삼화네트웍스,046390,2012.0,True,-11.84,7.53
784,(주)삼화네트웍스,046390,2014.0,False,-160.58,2301.71
785,(주)삼화네트웍스,046390,2015.0,True,-160.58,-160.58
786,(주)삼화네트웍스,046390,2017.0,False,-160.58,2301.71
787,(주)삼화네트웍스,046390,2018.0,True,-160.58,-160.58
788,서울반도체(주),046890,2014.0,True,0.28,7.65
789,우원개발(주),046940,2013.0,True,0.02,1.17
790,(주)우리로,046970,2014.0,True,-11.19,-67.22
791,(주)우리로,046970,2016.0,False,-1.33,1.85
792,(주)우리로,046970,2017.0,True,-6.0,-1.33
793,(주)대우건설,047040,2013.0,True,-2.04,2.55
794,(주)대우건설,047040,2016.0,True,-5.02,3.53
795,(주)한빛소프트,047080,2015.0,False,-0.66,8.18
796,(주)한빛소프트,047080,2016.0,False,-5.34,-0.66
797,(주)파워로직스,047310,2013.0,True,0.57,2.15
798,유니온머티리얼(주),047400,2018.0,True,0.63,3.45
799,레이젠(주),047440,2015.0,False,-1.22,1.99
800,(주)이스트소프트,047560,2012.0,False,-3.98,21.85
801,(주)이스트소프트,047560,2013.0,False,-2.77,-3.98
802,(주)코데즈컴바인,047770,2012.0,False,-2.35,3.74
803,(주)코데즈컴바인,047770,2013.0,False,-5.79,-2.35
804,한국항공우주산업(주),047810,2017.0,True,-8.66,23.76
805,(주)초록뱀미디어,047820,2013.0,False,-160.58,67.39
806,(주)초록뱀미디어,047820,2014.0,False,-160.58,-160.58
807,(주)초록뱀미디어,047820,2017.0,False,0.03,1.4
808,(주)초록뱀미디어,047820,2018.0,False,0.34,0.03
809,현대바이오사이언스(주),048410,2012.0,False,-5.92,-18.41
810,현대바이오사이언스(주),048410,2016.0,False,-4.56,3.14
811,현대바이오사이언스(주),048410,2017.0,True,0.84,-4.56
812,(주)대동스틸,048470,2012.0,True,-1.39,3.04
813,(주)대동스틸,048470,2015.0,True,-5.64,2.92
814,(주)대동스틸,048470,2018.0,False,-14.84,1421.75
815,(주)인트론바이오테크놀로지,048530,2012.0,False,-2.03,0.65
816,(주)인트론바이오테크놀로지,048530,2016.0,False,-12.49,4.55
817,(주)인트론바이오테크놀로지,048530,2017.0,True,-28.7,-12.49
818,(주)에스엠컬처앤콘텐츠,048550,2012.0,False,-23.05,2.4
819,(주)에스엠컬처앤콘텐츠,048550,2013.0,False,-1.38,-23.05
820,(주)에스엠컬처앤콘텐츠,048550,2017.0,False,-96.92,17.55
821,(주)에스엠컬처앤콘텐츠,048550,2018.0,True,-3.25,-96.92
822,(주)티피씨메카트로닉스,048770,2016.0,True,-1.53,1.45
823,(주)엔피케이,048830,2015.0,True,-23.52,2.14
824,(주)엔피케이,048830,2018.0,False,0.3,7.53
825,대원미디어(주),048910,2013.0,True,-10.12,1.36
826,인탑스(주),049070,2014.0,True,-5.88,24.8
827,(주)기가레인,049080,2015.0,False,-13.79,7.6
828,(주)기가레인,049080,2016.0,True,-4.14,-13.79
829,(주)기가레인,049080,2018.0,False,-0.71,1.96
830,(주)파인디앤씨,049120,2012.0,False,-1.0,-1.96
831,(주)파인디앤씨,049120,2017.0,True,-3.4,1.84
832,(주)셀루메드,049180,2013.0,False,0.59,1.01
833,(주)셀루메드,049180,2014.0,False,-4.65,0.59
834,에스지에이(주),049470,2012.0,True,-2.67,3.98
835,에스지에이(주),049470,2017.0,False,-1.82,1.55
836,에스지에이(주),049470,2018.0,False,-3.34,-1.82
837,(주)오픈베이스,049480,2018.0,True,-1.61,2.18
838,(주)잉크테크,049550,2013.0,False,0.89,1.78
839,(주)잉크테크,049550,2014.0,False,-1.87,0.89
840,재영솔루텍(주),049630,2016.0,False,-0.05,1.18
841,재영솔루텍(주),049630,2017.0,False,-8.56,-0.05
842,(주)우진플라임,049800,2014.0,False,-2.78,5.04
843,(주)우진플라임,049800,2015.0,True,-2.09,-2.78
844,(주)우진플라임,049800,2018.0,False,-1.98,1.23
845,(주)미래컴퍼니,049950,2013.0,False,-5.07,12.43
846,(주)미래컴퍼니,049950,2014.0,True,-26.93,-5.07
847,(주)캠시스,050110,2016.0,True,-4.45,1.88
848,(주)ES큐브,050120,2013.0,True,-37.44,1.72
849,(주)ES큐브,050120,2015.0,True,-11.86,22.2
850,(주)ES큐브,050120,2018.0,False,-0.82,2.86
851,(주)엠피씨플러스,050540,2014.0,False,0.63,2.76
852,(주)엠피씨플러스,050540,2015.0,False,-2.0,0.63
853,(주)에스폴리텍,050760,2014.0,False,-1.81,2.26
854,(주)에스폴리텍,050760,2015.0,True,-0.91,-1.81
855,(주)쏠리드,050890,2016.0,True,-5.95,1.37
856,(주)쏠리드,050890,2018.0,False,0.17,2.11
857,(주)지어소프트,051160,2012.0,False,-53.46,-54.28
858,(주)인터플렉스,051370,2013.0,False,0.01,8.66
859,(주)인터플렉스,051370,2014.0,False,-21.86,0.01
860,(주)인터플렉스,051370,2018.0,False,-29.9,19.02
861,(주)피씨디렉트,051380,2013.0,True,-80.09,17.63
862,진양화학(주),051630,2017.0,False,-160.58,1196.31
863,진양화학(주),051630,2018.0,False,-160.58,-160.58
864,(주)중앙디앤엠,051980,2013.0,False,-9.52,3.17
865,(주)중앙디앤엠,051980,2014.0,False,-16.7,-9.52
866,(주)세영디앤씨,052190,2014.0,False,-160.58,2301.71
867,(주)세영디앤씨,052190,2015.0,False,-24.43,-160.58
868,(주)우전,052270,2014.0,False,-8.05,5.19
869,(주)초록뱀컴퍼니,052300,2014.0,False,-3.04,1.7
870,(주)초록뱀컴퍼니,052300,2015.0,False,-14.0,-3.04
871,코나아이(주),052400,2016.0,False,-4.35,17.85
872,코나아이(주),052400,2017.0,False,-7.91,-4.35
873,오성첨단소재(주),052420,2012.0,False,-2.23,0.3
874,(주)아모텍,052710,2014.0,True,0.42,3.52
875,(주)아이톡시,052770,2012.0,True,0.27,-4.31
876,(주)아이톡시,052770,2014.0,True,-6.56,9.03
877,(주)아이톡시,052770,2016.0,False,-1.76,7.41
878,(주)아이톡시,052770,2017.0,False,-19.36,-1.76
879,(주)액토즈소프트,052790,2014.0,True,-114.57,20.53
880,(주)액토즈소프트,052790,2018.0,True,-4.32,26.6
881,(주)아이앤씨테크놀로지,052860,2013.0,False,-47.48,-160.58
882,(주)케이엑스하이텍,052900,2012.0,False,-4.14,-0.4
883,(주)바이넥스,053030,2012.0,False,0.07,3.53
884,(주)바이넥스,053030,2013.0,True,-3.9,0.07
885,(주)바이넥스,053030,2016.0,False,-0.99,2.52
886,(주)바이넥스,053030,2017.0,True,-3.9,-0.99
887,(주)소리바다,053110,2013.0,False,-5.54,-14.81
888,예스이십사(주),053280,2017.0,False,-1.49,6.7
889,예스이십사(주),053280,2018.0,True,-2.73,-1.49
890,(주)엔이능률,053290,2018.0,True,-7.43,2301.71
891,(주)세코닉스,053450,2017.0,True,0.56,6.62
892,(주)한국테크놀로지,053590,2012.0,False,-47.94,-160.58
893,(주)한국테크놀로지,053590,2015.0,False,-13.88,4.0
894,(주)한국테크놀로지,053590,2016.0,False,-7.07,-13.88
895,(주)태양,053620,2018.0,True,-12.86,57.64
896,현진소재(주),053660,2013.0,False,-1.12,0.93
897,경남제약(주),053950,2013.0,True,0.19,1.23
898,경남제약(주),053950,2018.0,False,-0.64,3.26
899,오상자이엘(주),053980,2016.0,True,-0.24,3.8
900,오상자이엘(주),053980,2018.0,False,-2.65,3.14
901,한국컴퓨터(주),054040,2018.0,True,-5.09,6.86
902,(주)삼진엘앤디,054090,2014.0,True,-0.73,2.39
903,(주)삼진엘앤디,054090,2016.0,False,0.34,7.47
904,(주)삼진엘앤디,054090,2017.0,True,-2.36,0.34
905,(주)이랜텍,054210,2017.0,False,0.55,2.95
906,(주)이랜텍,054210,2018.0,True,0.16,0.55
907,(주)팬스타엔터프라이즈,054300,2013.0,False,-1.44,1.01
908,(주)팬스타엔터프라이즈,054300,2014.0,False,0.45,-1.44
909,(주)팬스타엔터프라이즈,054300,2018.0,True,0.96,3.11
910,(주)케이피티유,054410,2014.0,True,0.98,1.56
911,(주)케이피티유,054410,2016.0,True,0.99,1.81
912,(주)텔레칩스,054450,2012.0,False,-160.58,-160.58
913,삼영엠텍(주),054540,2017.0,False,0.54,2.45
914,삼영엠텍(주),054540,2018.0,True,0.93,0.54
915,에이피에스홀딩스(주),054620,2017.0,False,0.44,14.49
916,에이피에스홀딩스(주),054620,2018.0,False,-4.41,0.44
917,(주)에이디칩스,054630,2012.0,False,-9.42,40.0
918,(주)에이디칩스,054630,2013.0,False,-10.77,-9.42
919,(주)에이디칩스,054630,2018.0,False,-8.86,5.9
920,(주)키이스트,054780,2013.0,True,-160.58,2301.71
921,(주)키이스트,054780,2016.0,True,-3.92,67.87
922,(주)키이스트,054780,2018.0,False,-16.12,14.39
923,(주)한컴위드,054920,2013.0,False,0.61,47.5
924,(주)한컴위드,054920,2014.0,False,0.03,0.61
925,(주)유신,054930,2012.0,True,-1.9,-12.47
926,(주)유신,054930,2014.0,False,0.45,1.02
927,(주)유신,054930,2015.0,True,0.46,0.45
928,(주)유신,054930,2018.0,False,-10.32,2.91
929,(주)엑사이엔씨,054940,2012.0,True,0.44,6.24
930,(주)코원플레이,056000,2012.0,False,-8.01,-7.81
931,(주)유진로봇,056080,2012.0,False,-4.37,1.04
932,(주)유진로봇,056080,2013.0,False,-3.39,-4.37
933,(주)유진로봇,056080,2016.0,False,-0.71,1.23
934,(주)유진로봇,056080,2017.0,False,-4.22,-0.71
935,코위버(주),056360,2018.0,True,-3.01,29.42
936,신화인터텍(주),056700,2014.0,True,0.64,1.34
937,신화인터텍(주),056700,2018.0,True,-1.04,1.19
938,씨앤티85(주),056730,2012.0,False,-3.22,6.25
939,씨앤티85(주),056730,2013.0,False,-5.89,-3.22
940,씨앤티85(주),056730,2016.0,False,-3.14,1.15
941,씨앤티85(주),056730,2017.0,False,0.06,-3.14
942,(주)와이비엠넷,057030,2015.0,False,0.85,4.05
943,(주)와이비엠넷,057030,2016.0,True,-6.77,0.85
944,(주)티사이언티픽,057680,2015.0,False,-4.63,2.45
945,(주)티사이언티픽,057680,2016.0,False,-11.03,-4.63
946,(주)아리온테크놀로지,058220,2016.0,False,-20.97,10.65
947,(주)아리온테크놀로지,058220,2017.0,False,-7.79,-20.97
948,(주)비엔씨컴퍼니,058370,2013.0,False,-4.45,-2.97
949,(주)제이웨이,058420,2016.0,False,-160.58,2301.71
950,(주)제이웨이,058420,2017.0,False,-160.58,-160.58
951,포스코스틸리온(주),058430,2012.0,False,-0.29,-5.73
952,(주)일야,058450,2012.0,True,-17.29,-57.51
953,(주)일야,058450,2017.0,False,-29.01,34.6
954,(주)일야,058450,2018.0,False,-16.53,-29.01
955,파나케이아(주),058530,2012.0,True,0.93,1.46
956,파나케이아(주),058530,2014.0,False,0.28,1.81
957,파나케이아(주),058530,2015.0,True,0.6,0.28
958,파나케이아(주),058530,2017.0,False,-3.92,3.38
959,파나케이아(주),058530,2018.0,False,-2.2,-3.92
960,(주)CMG제약,058820,2012.0,False,-7.75,3.53
961,(주)CMG제약,058820,2013.0,True,0.7,-7.75
962,(주)CMG제약,058820,2015.0,True,-32.22,3.6
963,(주)미코,059090,2013.0,False,-2.49,1.96
964,(주)미코,059090,2014.0,True,0.9,-2.49
965,(주)아이컴포넌트,059100,2012.0,False,-1.14,1.11
966,(주)아이컴포넌트,059100,2013.0,False,-1.0,-1.14
967,(주)아이컴포넌트,059100,2017.0,False,-6.08,5.13
968,(주)아이컴포넌트,059100,2018.0,False,-5.44,-6.08
969,(주)메타바이오메드,059210,2014.0,True,-0.05,1.36
970,(주)메타바이오메드,059210,2018.0,True,-1.44,1.3
971,인선이엔티(주),060150,2012.0,False,-0.48,0.93
972,소니드(주),060230,2014.0,False,-0.54,1.26
973,소니드(주),060230,2015.0,False,-0.48,-0.54
974,(주)룽투코리아,060240,2013.0,False,-5.79,3.67
975,(주)룽투코리아,060240,2014.0,False,-9.97,-5.79
976,(주)룽투코리아,060240,2017.0,True,-0.04,2.15
977,(주)뉴보텍,060260,2014.0,True,-0.72,1.11
978,(주)뉴보텍,060260,2017.0,False,-4.56,7.02
979,(주)뉴보텍,060260,2018.0,True,0.82,-4.56
980,큐렉소(주),060280,2018.0,False,-160.58,6.42
981,(주)레드로버,060300,2015.0,True,-1.58,4.71
982,(주)레드로버,060300,2017.0,False,-3.36,1.79
983,(주)레드로버,060300,2018.0,False,-29.21,-3.36
984,(주)케이티서브마린,060370,2018.0,True,-10.98,20.7
985,(주)동양에스텍,060380,2012.0,True,-0.48,1.35
986,(주)동양에스텍,060380,2018.0,True,0.95,1.37
987,(주)홈센타홀딩스,060560,2012.0,True,0.2,5.93
988,(주)홈센타홀딩스,060560,2014.0,True,-160.58,2.81
989,(주)홈센타홀딩스,060560,2016.0,False,0.07,7.56
990,(주)홈센타홀딩스,060560,2017.0,False,0.39,0.07
991,(주)드림어스컴퍼니,060570,2015.0,False,0.83,11.17
992,(주)드림어스컴퍼니,060570,2016.0,False,-24.34,0.83
993,(주)씨티씨바이오,060590,2014.0,True,0.12,1.49
994,(주)씨티씨바이오,060590,2016.0,False,-1.25,1.83
995,(주)씨티씨바이오,060590,2017.0,False,-4.7,-1.25
996,(주)케이에이치바텍,060720,2016.0,False,-5.15,10.13
997,(주)케이에이치바텍,060720,2017.0,False,-9.95,-5.15
998,대한그린파워(주),060900,2012.0,False,0.39,3.2
999,대한그린파워(주),060900,2013.0,False,-0.56,0.39
1000,(주)알에프텍,061040,2014.0,True,-3.11,6.53
1001,엘비세미콘(주),061970,2013.0,False,0.51,4.45
1002,엘비세미콘(주),061970,2014.0,True,-0.35,0.51
1003,(주)티엘아이,062860,2013.0,True,-2.86,4.17
1004,(주)티엘아이,062860,2016.0,False,-19.01,1.63
1005,(주)티엘아이,062860,2017.0,False,-160.58,-19.01
1006,(주)컴투스홀딩스,063080,2017.0,False,-12.39,3.29
1007,(주)컴투스홀딩스,063080,2018.0,False,-9.06,-12.39
1008,(주)종근당바이오,063160,2014.0,True,-7.77,2.7
1009,(주)에스엠라이프디자인그룹,063440,2012.0,False,-11.02,5.68
1010,(주)에스엠라이프디자인그룹,063440,2013.0,False,-5.41,-11.02
1011,(주)에스엠라이프디자인그룹,063440,2018.0,True,-160.58,292.41
1012,(주)에프앤리퍼블릭,064090,2015.0,False,-14.67,1.43
1013,(주)에프앤리퍼블릭,064090,2016.0,True,-8.3,-14.67
1014,(주)홈캐스트,064240,2012.0,False,-2.02,11.0
1015,(주)홈캐스트,064240,2013.0,True,-17.31,-2.02
1016,(주)홈캐스트,064240,2017.0,False,-6.2,46.61
1017,(주)홈캐스트,064240,2018.0,False,-9.39,-6.2
1018,(주)다날,064260,2012.0,False,-0.31,-0.33
1019,(주)다날,064260,2015.0,True,0.3,1.06
1020,(주)인텍플러스,064290,2013.0,False,-8.37,6.55
1021,(주)인텍플러스,064290,2014.0,False,-5.46,-8.37
1022,현대로템(주),064350,2015.0,True,-3.17,0.13
1023,현대로템(주),064350,2017.0,False,0.91,1.67
1024,현대로템(주),064350,2018.0,False,-4.17,0.91
1025,(주)브리지텍,064480,2017.0,True,-160.58,2301.71
1026,(주)테크엘,064520,2017.0,False,-13.54,1.28
1027,(주)테크엘,064520,2018.0,False,-11.34,-13.54
1028,(주)젬백스링크,064800,2012.0,False,-35.31,16.62
1029,(주)젬백스링크,064800,2013.0,True,-55.99,-35.31
1030,(주)젬백스링크,064800,2015.0,False,-15.97,2.64
1031,(주)젬백스링크,064800,2016.0,True,-2.26,-15.97
1032,(주)젬백스링크,064800,2018.0,True,-0.03,2.92
1033,(주)케이프,064820,2012.0,False,0.12,3.52
1034,(주)케이프,064820,2013.0,False,-1.26,0.12
1035,(주)지엔코,065060,2015.0,False,-0.01,1.61
1036,(주)지엔코,065060,2016.0,True,0.51,-0.01
1037,(주)지엔코,065060,2018.0,False,-6.01,7.75
1038,(주)엠피대산,065150,2015.0,False,-16.5,38.85
1039,(주)엠피대산,065150,2016.0,False,0.45,-16.5
1040,(주)비엘팜텍,065170,2015.0,True,-0.15,1.53
1041,(주)에스아이리소스,065420,2012.0,True,0.22,3.97
1042,(주)에스아이리소스,065420,2016.0,True,-7.28,2.97
1043,(주)에스아이리소스,065420,2018.0,True,-0.12,2.5
1044,(주)이루온,065440,2012.0,True,-2.55,1.41
1045,(주)이루온,065440,2014.0,True,-2.14,2.35
1046,(주)이루온,065440,2016.0,False,0.59,1.65
1047,(주)이루온,065440,2017.0,True,-0.53,0.59
1048,(주)빅텍,065450,2012.0,True,-48.21,-55.71
1049,(주)빅텍,065450,2016.0,False,-8.26,14.69
1050,(주)빅텍,065450,2017.0,True,-14.88,-8.26
1051,(주)오리엔트정공,065500,2016.0,False,-0.27,1.09
1052,(주)오리엔트정공,065500,2017.0,False,0.8,-0.27
1053,(주)녹원씨엔아이,065560,2012.0,False,-4.75,2.99
1054,(주)녹원씨엔아이,065560,2013.0,False,-10.45,-4.75
1055,(주)녹원씨엔아이,065560,2016.0,True,-3.27,1.06
1056,(주)메디프론디비티,065650,2012.0,False,-160.58,2.96
1057,(주)메디프론디비티,065650,2013.0,False,-160.58,-160.58
1058,(주)메디프론디비티,065650,2018.0,False,-160.58,2301.71
1059,(주)안트로젠,065660,2018.0,False,-1.53,3.21
1060,(주)우주일렉트로닉스,065680,2018.0,True,0.82,16.01
1061,(주)파커스,065690,2013.0,True,0.85,6.79
1062,(주)파커스,065690,2017.0,True,-3.38,39.71
1063,(주)씨에스,065770,2012.0,False,-0.25,-1.31
1064,(주)웰크론,065950,2014.0,True,-1.16,2.66
1065,(주)웰크론,065950,2016.0,True,0.13,2.3
1066,(주)하츠,066130,2012.0,False,-79.33,57.03
1067,(주)하츠,066130,2013.0,True,-9.26,-79.33
1068,에스케이커뮤니케이션즈(주),066270,2013.0,False,-160.58,-160.58
1069,(주)버킷스튜디오,066410,2012.0,True,-92.52,4.14
1070,(주)버킷스튜디오,066410,2016.0,True,-160.58,2301.71
1071,(주)버킷스튜디오,066410,2018.0,False,-4.34,60.48
1072,(주)와이오엠,066430,2018.0,False,0.22,20.4
1073,우수AMS(주),066590,2012.0,True,0.39,1.91
1074,(주)테라젠이텍스,066700,2012.0,True,-5.31,-2.78
1075,(주)테라젠이텍스,066700,2017.0,False,0.21,1.37
1076,(주)테라젠이텍스,066700,2018.0,True,-3.14,0.21
1077,(주)손오공,066910,2012.0,False,0.93,1.07
1078,(주)손오공,066910,2013.0,False,-5.71,0.93
1079,(주)손오공,066910,2017.0,True,-35.96,10.96
1080,(주)엘앤에프,066970,2012.0,False,0.84,1.88
1081,(주)엘앤에프,066970,2013.0,False,-0.88,0.84
1082,(주)이엔코퍼레이션,066980,2012.0,False,-4.25,-2.42
1083,(주)이엔코퍼레이션,066980,2018.0,True,-0.17,4.49
1084,(주)조이시티,067000,2013.0,True,-52.94,92.8
1085,(주)조이시티,067000,2017.0,False,-160.58,642.86
1086,(주)조이시티,067000,2018.0,True,-160.58,-160.58
1087,제이더블유신약(주),067290,2012.0,False,0.18,1.25
1088,제이더블유신약(주),067290,2013.0,False,0.81,0.18
1089,제이더블유신약(주),067290,2017.0,False,-1.37,1.98
1090,제이더블유신약(주),067290,2018.0,False,0.41,-1.37
1091,하나마이크론(주),067310,2012.0,False,-1.05,1.87
1092,하나마이크론(주),067310,2013.0,True,-0.6,-1.05
1093,하나마이크론(주),067310,2016.0,True,-2.57,2.12
1094,엔브이에이치코리아(주),067570,2018.0,True,0.39,3.37
1095,에이치엘비생명과학(주),067630,2012.0,False,-2.06,-2.39
1096,에이치엘비생명과학(주),067630,2015.0,False,-14.72,1.37
1097,에이치엘비생명과학(주),067630,2016.0,False,-1.46,-14.72
1098,(주)세진티에스,067770,2013.0,True,-160.58,-160.58
1099,(주)세진티에스,067770,2015.0,False,-160.58,2301.71
1100,(주)세진티에스,067770,2016.0,False,-160.58,-160.58
1101,(주)이글루코퍼레이션,067920,2013.0,False,-1.06,7.3
1102,(주)이글루코퍼레이션,067920,2014.0,False,-58.26,-1.06
1103,도이치모터스(주),067990,2013.0,False,0.73,1.16
1104,도이치모터스(주),067990,2014.0,True,-0.12,0.73
1105,도이치모터스(주),067990,2016.0,True,-0.5,1.46
1106,(주)팬엔터테인먼트,068050,2013.0,False,-0.17,2.1
1107,(주)팬엔터테인먼트,068050,2014.0,False,0.67,-0.17
1108,(주)팬엔터테인먼트,068050,2017.0,False,-1.27,3.23
1109,(주)팬엔터테인먼트,068050,2018.0,True,-2.47,-1.27
1110,에스케이렌터카(주),068400,2018.0,True,0.76,1.59
1111,(주)셀트리온제약,068760,2015.0,False,0.95,2.71
1112,(주)셀트리온제약,068760,2016.0,True,-1.77,0.95
1113,(주)셀트리온제약,068760,2018.0,True,0.6,1.58
1114,(주)디엠에스,068790,2012.0,False,-1.23,0.83
1115,(주)셀피글로벌,068940,2014.0,False,-9.29,1.78
1116,(주)셀피글로벌,068940,2015.0,False,0.59,-9.29
1117,(주)코스온,069110,2012.0,False,0.83,1.14
1118,(주)코스온,069110,2013.0,True,-0.37,0.83
1119,(주)누리플랜,069140,2012.0,False,-2.1,5.57
1120,(주)누리플랜,069140,2013.0,False,-3.78,-2.1
1121,(주)누리플랜,069140,2018.0,False,-3.53,1.71
1122,(주)유아이디,069330,2015.0,False,-3.02,13.63
1123,(주)유아이디,069330,2016.0,False,-1.52,-3.02
1124,(주)대호에이엘,069460,2012.0,False,0.82,2.82
1125,(주)대호에이엘,069460,2013.0,False,0.34,0.82
1126,(주)대호에이엘,069460,2016.0,False,-0.05,1.24
1127,(주)대호에이엘,069460,2017.0,False,0.83,-0.05
1128,(주)라이트론,069540,2015.0,True,-35.72,13.78
1129,(주)라이트론,069540,2017.0,False,0.05,3.44
1130,(주)라이트론,069540,2018.0,True,-0.64,0.05
1131,디에스알제강(주),069730,2012.0,True,-0.48,5.64
1132,(주)아이에스이커머스,069920,2012.0,False,-6.45,0.0
1133,엑스큐어(주),070300,2012.0,True,-136.49,188.86
1134,엑스큐어(주),070300,2014.0,True,-160.58,763.63
1135,엑스큐어(주),070300,2016.0,False,-107.34,2301.71
1136,엑스큐어(주),070300,2017.0,False,-160.58,-107.34
1137,한솔인티큐브(주),070590,2012.0,True,-21.17,7.77
1138,한솔인티큐브(주),070590,2017.0,True,-5.92,7.45
1139,(주)하이스틸,071090,2013.0,False,0.01,1.09
1140,(주)하이스틸,071090,2014.0,False,0.93,0.01
1141,(주)하이스틸,071090,2018.0,False,-1.89,4.12
1142,(주)인피니트헬스케어,071200,2012.0,True,-5.34,-1.85
1143,로체시스템즈(주),071280,2012.0,True,0.39,51.91
1144,로체시스템즈(주),071280,2014.0,True,-57.6,21.76
1145,로체시스템즈(주),071280,2018.0,True,-16.1,8.43
1146,한국지역난방공사,071320,2018.0,False,0.25,2.67
1147,에이테크솔루션(주),071670,2012.0,False,-2.62,8.96
1148,에이테크솔루션(주),071670,2013.0,True,-0.24,-2.62
1149,에이테크솔루션(주),071670,2015.0,True,-1.52,1.6
1150,에이테크솔루션(주),071670,2017.0,False,-0.36,1.53
1151,에이테크솔루션(주),071670,2018.0,True,0.75,-0.36
1152,(주)코아스,071950,2013.0,True,0.18,1.01
1153,(주)코아스,071950,2015.0,False,-7.4,1.47
1154,(주)코아스,071950,2016.0,False,-2.31,-7.4
1155,STX중공업(주),071970,2013.0,False,-3.42,1.12
1156,STX중공업(주),071970,2014.0,False,-0.73,-3.42
1157,STX중공업(주),071970,2018.0,False,-0.85,1.49
1158,유엔젤(주),072130,2012.0,True,-1.8,75.62
1159,유엔젤(주),072130,2014.0,True,-42.09,16.06
1160,유엔젤(주),072130,2016.0,False,-32.87,5.58
1161,유엔젤(주),072130,2017.0,True,-5.78,-32.87
1162,(주)제넨바이오,072520,2013.0,False,-2.0,2.87
1163,(주)제넨바이오,072520,2014.0,False,-19.09,-2.0
1164,(주)제넨바이오,072520,2018.0,False,-0.94,1.03
1165,(주)율호,072770,2015.0,True,-3.91,5.0
1166,(주)율호,072770,2017.0,False,-27.43,17.77
1167,(주)율호,072770,2018.0,True,-6.93,-27.43
1168,메가스터디(주),072870,2016.0,False,-5.2,29.33
1169,메가스터디(주),072870,2017.0,True,-42.04,-5.2
1170,(주)케이에스피,073010,2013.0,False,0.92,2.54
1171,(주)케이에스피,073010,2014.0,False,-0.67,0.92
1172,(주)에이팸,073070,2018.0,False,-0.43,19.28
1173,(주)듀오백,073190,2012.0,True,-13.05,10.84
1174,(주)듀오백,073190,2014.0,False,-63.35,2.85
1175,(주)듀오백,073190,2015.0,False,-123.36,-63.35
1176,(주)듀오백,073190,2018.0,False,-160.58,108.72
1177,금호타이어(주),073240,2017.0,False,-1.29,1.06
1178,금호타이어(주),073240,2018.0,False,-0.86,-1.29
1179,(주)이노와이어리스,073490,2014.0,False,-8.62,163.9
1180,(주)이노와이어리스,073490,2015.0,False,-23.11,-8.62
1181,(주)이노와이어리스,073490,2018.0,True,0.68,4.34
1182,(주)에프알텍,073540,2015.0,False,-29.03,84.13
1183,(주)에프알텍,073540,2016.0,False,-77.83,-29.03
1184,(주)어반리튬,073570,2012.0,False,-4.74,0.05
1185,테라사이언스(주),073640,2012.0,False,0.95,1.79
1186,테라사이언스(주),073640,2013.0,False,-1.28,0.95
1187,(주)이엔플러스,074610,2017.0,False,-1.37,28.29
1188,(주)이엔플러스,074610,2018.0,False,-3.07,-1.37
1189,(주)동국알앤에스,075970,2015.0,True,0.41,1.58
1190,(주)웰크론한텍,076080,2014.0,True,-9.87,30.55
1191,(주)웰크론한텍,076080,2016.0,False,-2.75,2.64
1192,(주)웰크론한텍,076080,2017.0,True,0.73,-2.75
1193,해성옵틱스(주),076610,2017.0,False,-2.72,1.32
1194,해성옵틱스(주),076610,2018.0,False,-1.46,-2.72
1195,(주)한컴지엠디,077280,2013.0,True,-2.01,-1.72
1196,(주)한컴지엠디,077280,2015.0,False,-1.39,2.73
1197,(주)한컴지엠디,077280,2016.0,True,-0.55,-1.39
1198,STX엔진(주),077970,2012.0,False,0.43,2.49
1199,STX엔진(주),077970,2013.0,False,-0.8,0.43
1200,국일제지(주),078130,2012.0,False,0.27,-0.29
1201,메디포스트(주),078160,2012.0,False,-21.95,40.4
1202,메디포스트(주),078160,2013.0,False,-7.44,-21.95
1203,한양디지텍(주),078350,2012.0,True,-2.62,0.03
1204,한양디지텍(주),078350,2017.0,True,-14.8,2.39
1205,대주전자재료(주),078600,2013.0,False,0.78,2.76
1206,대주전자재료(주),078600,2014.0,False,0.23,0.78
1207,지나인제약(주),078650,2014.0,False,-1.99,4.66
1208,지나인제약(주),078650,2015.0,False,-1.24,-1.99
1209,(주)아이오케이컴퍼니,078860,2013.0,False,-1.21,5.26
1210,(주)아이오케이컴퍼니,078860,2014.0,True,-32.25,-1.21
1211,(주)아이오케이컴퍼니,078860,2016.0,False,-2.08,2.27
1212,(주)아이오케이컴퍼니,078860,2017.0,False,-0.45,-2.08
1213,(주)지에스,078930,2014.0,True,-0.17,3.85
1214,한창산업(주),079170,2012.0,True,-98.18,38.12
1215,한창산업(주),079170,2015.0,True,-160.58,909.62
1216,(주)케스피온,079190,2014.0,False,-4.18,3.7
1217,(주)케스피온,079190,2015.0,True,-1.36,-4.18
1218,(주)케스피온,079190,2017.0,True,0.26,1.97
1219,엘아이지넥스원(주),079550,2017.0,True,0.55,21.14
1220,(주)서산,079650,2018.0,False,-160.58,1899.36
1221,(주)사조해표,079660,2013.0,True,-2.64,0.37
1222,(주)디이엔티,079810,2013.0,False,-6.68,3.79
1223,(주)디이엔티,079810,2014.0,True,-110.96,-6.68
1224,(주)디이엔티,079810,2016.0,True,-7.92,15.65
1225,(주)디이엔티,079810,2018.0,False,-6.92,4.17
1226,인베니아(주),079950,2012.0,True,-10.2,-1.02
1227,인베니아(주),079950,2014.0,True,-3.9,4.88
1228,(주)투비소프트,079970,2017.0,False,-8.82,3.15
1229,(주)투비소프트,079970,2018.0,False,-4.83,-8.82
1230,에스엔유프리시젼(주),080000,2012.0,True,-6.54,-6.45
1231,에스엔유프리시젼(주),080000,2014.0,True,-4.62,5.56
1232,에스엔유프리시젼(주),080000,2016.0,True,-11.1,1.17
1233,(주)제주반도체,080220,2012.0,False,-95.34,433.55
1234,(주)제주반도체,080220,2013.0,False,-44.31,-95.34
1235,(주)제주반도체,080220,2016.0,True,0.22,1.34
1236,(주)성창오토텍,080470,2018.0,False,0.21,1.07
1237,(주)코디,080530,2012.0,False,-4.02,4.85
1238,(주)코디,080530,2013.0,False,0.6,-4.02
1239,(주)오킨스전자,080580,2016.0,False,-12.63,-7.97
1240,(주)휠라홀딩스,081660,2016.0,True,0.63,7.59
1241,(주)옵트론텍,082210,2014.0,False,-5.76,5.94
1242,(주)옵트론텍,082210,2015.0,True,0.38,-5.76
1243,(주)피엘에이,082390,2013.0,False,-6.54,-7.17
1244,(주)코스나인,082660,2016.0,False,0.67,1.46
1245,(주)코스나인,082660,2017.0,False,-5.44,0.67
1246,에이치에스디엔진(주),082740,2013.0,False,0.05,7.04
1247,에이치에스디엔진(주),082740,2014.0,False,-2.93,0.05
1248,(주)비보존제약,082800,2014.0,False,-3.28,3.25
1249,(주)비보존제약,082800,2015.0,False,-16.26,-3.28
1250,우리바이오(주),082850,2014.0,True,0.15,1.11
1251,우리바이오(주),082850,2016.0,False,-1.13,4.41
1252,우리바이오(주),082850,2017.0,False,-0.48,-1.13
1253,(주)이엠앤아이,083470,2013.0,True,0.18,2.96
1254,(주)이엠앤아이,083470,2016.0,False,-2.11,5.39
1255,(주)이엠앤아이,083470,2017.0,False,-1.35,-2.11
1256,(주)인콘,083640,2016.0,True,-160.58,1310.78
1257,(주)인콘,083640,2018.0,False,-0.99,9.95
1258,비에이치아이(주),083650,2014.0,False,0.2,1.82
1259,비에이치아이(주),083650,2015.0,True,-4.55,0.2
1260,비에이치아이(주),083650,2018.0,False,-2.73,2.08
1261,(주)씨에스에이코스믹,083660,2016.0,False,-3.95,1.07
1262,(주)씨에스에이코스믹,083660,2017.0,False,-49.55,-3.95
1263,(주)아바코,083930,2012.0,True,-3.13,44.14
1264,(주)이브이수성,084180,2017.0,False,-0.98,17.14
1265,(주)이브이수성,084180,2018.0,False,-1.28,-0.98
1266,(주)랩지노믹스,084650,2017.0,False,-3.33,2.43
1267,(주)랩지노믹스,084650,2018.0,True,-5.37,-3.33
1268,팅크웨어(주),084730,2013.0,True,0.62,5.36
1269,(주)티비에이치글로벌,084870,2015.0,True,-4.09,16.53
1270,(주)티비에이치글로벌,084870,2018.0,True,-0.47,13.04
1271,(주)헬릭스미스,084990,2016.0,False,-160.58,2301.71
1272,(주)헬릭스미스,084990,2017.0,False,-89.69,-160.58
1273,(주)엔케이,085310,2012.0,False,0.13,1.0
1274,(주)엔케이,085310,2013.0,True,-2.19,0.13
1275,(주)엔케이,085310,2015.0,False,-1.01,1.84
1276,(주)엔케이,085310,2016.0,False,-7.18,-1.01
1277,(주)루트로닉,085370,2012.0,True,0.05,-2.06
1278,(주)루트로닉,085370,2017.0,False,-2.99,7.95
1279,(주)루트로닉,085370,2018.0,False,-9.23,-2.99
1280,(주)차바이오텍,085660,2017.0,True,-0.75,10.79
1281,(주)뉴프렉스,085670,2013.0,True,0.97,3.14
1282,(주)뉴프렉스,085670,2015.0,False,-0.8,2.23
1283,(주)뉴프렉스,085670,2016.0,True,0.53,-0.8
1284,(주)바이오톡스텍,086040,2012.0,False,0.47,7.02
1285,(주)바이오톡스텍,086040,2013.0,False,-4.06,0.47
1286,(주)진바이오텍,086060,2013.0,True,0.15,2301.71
1287,제이앤유글로벌,086200,2013.0,False,-13.33,12.53
1288,(주)화신테크,086250,2014.0,False,-4.61,5.88
1289,(주)화신테크,086250,2015.0,False,-9.58,-4.61
1290,(주)유니테스트,086390,2013.0,True,-6.96,2.34
1291,(주)에코프로,086520,2013.0,True,0.27,1.03
1292,(주)비엠티,086670,2016.0,True,-1.5,2.66
1293,(주)신양오라컴디스플레이,086830,2013.0,False,-15.47,1.47
1294,(주)신양오라컴디스플레이,086830,2014.0,False,-2.46,-15.47
1295,(주)스틸플라워,087220,2013.0,False,-0.96,1.73
1296,(주)스틸플라워,087220,2014.0,False,-2.59,-0.96
1297,(주)픽셀플러스,087600,2017.0,False,-160.58,-160.58
1298,(주)이엠네트웍스,087730,2016.0,False,-18.57,24.37
1299,(주)이엠네트웍스,087730,2017.0,False,-16.21,-18.57
1300,이원컴포텍(주),088290,2012.0,False,-0.7,2301.71
1301,이원컴포텍(주),088290,2013.0,False,-59.37,-0.7
1302,(주)이녹스,088390,2017.0,True,-5.81,3.61
1303,(주)에이스테크놀로지,088800,2012.0,True,-1.2,4.11
1304,(주)에이스테크놀로지,088800,2016.0,False,-1.65,1.96
1305,(주)에이스테크놀로지,088800,2017.0,True,-1.45,-1.65
1306,(주)동우팜투테이블,088910,2012.0,True,-5.55,39.53
1307,(주)켐트로닉스,089010,2014.0,False,-1.19,9.21
1308,(주)켐트로닉스,089010,2015.0,False,-1.12,-1.19
1309,(주)에이티세미콘,089530,2013.0,True,-0.39,1.26
1310,(주)에이티세미콘,089530,2015.0,False,-0.56,1.19
1311,(주)에이티세미콘,089530,2016.0,True,-1.9,-0.56
1312,(주)제이티,089790,2013.0,True,-6.34,22.82
1313,(주)제이티,089790,2015.0,False,-5.77,12.01
1314,(주)제이티,089790,2016.0,False,-10.94,-5.77
1315,유비벨록스(주),089850,2014.0,False,0.08,3.05
1316,유비벨록스(주),089850,2015.0,True,-1.24,0.08
1317,유비벨록스(주),089850,2017.0,False,0.93,1.77
1318,유비벨록스(주),089850,2018.0,True,0.68,0.93
1319,(주)코세스,089890,2013.0,False,-12.97,19.96
1320,(주)코세스,089890,2014.0,False,-4.59,-12.97
1321,평화산업(주),090080,2013.0,False,0.59,1.68
1322,평화산업(주),090080,2014.0,False,-0.2,0.59
1323,(주)아이윈,090150,2017.0,False,-3.59,1.49
1324,(주)아이윈,090150,2018.0,True,-2.38,-3.59
1325,(주)로보스타,090360,2012.0,True,-4.1,5.98
1326,(주)메타랩스,090370,2012.0,False,-1.83,1.44
1327,(주)메타랩스,090370,2013.0,False,0.92,-1.83
1328,(주)덕신하우징,090410,2016.0,True,-15.9,33.43
1329,(주)비에이치,090460,2016.0,True,-4.39,2.03
1330,(주)제이스텍,090470,2013.0,True,-107.98,114.39
1331,휴림로봇(주),090710,2012.0,False,-5.18,2.96
1332,휴림로봇(주),090710,2013.0,False,-3.0,-5.18
1333,휴림로봇(주),090710,2018.0,False,-3.34,1.89
1334,(주)심팩메탈,090730,2015.0,True,-0.24,2.09
1335,(주)연이비앤티,090740,2017.0,True,-9.76,6.57
1336,세원이앤씨(주),091090,2012.0,False,0.9,-3.49
1337,에스엔케이폴리텍(주),091340,2012.0,False,-160.58,105.95
1338,에스엔케이폴리텍(주),091340,2013.0,True,-4.75,-160.58
1339,(주)텔레필드,091440,2016.0,True,-4.43,4.52
1340,(주)텔레필드,091440,2018.0,True,-10.79,1.35
1341,상신이디피(주),091580,2015.0,False,-0.74,2.81
1342,상신이디피(주),091580,2016.0,True,-0.24,-0.74
1343,나노캠텍(주),091970,2015.0,False,-11.47,3.55
1344,나노캠텍(주),091970,2016.0,False,-7.34,-11.47
1345,(주)디엔에프,092070,2012.0,False,0.48,2.16
1346,(주)디엔에프,092070,2013.0,True,-3.18,0.48
1347,현우산업(주),092300,2012.0,False,0.95,2.86
1348,현우산업(주),092300,2013.0,False,-1.29,0.95
1349,한라아이엠에스(주),092460,2013.0,True,-2.59,2.0
1350,한라아이엠에스(주),092460,2017.0,False,-1.53,5.24
1351,한라아이엠에스(주),092460,2018.0,True,-0.8,-1.53
1352,(주)앤씨앤,092600,2012.0,False,0.49,48.17
1353,(주)앤씨앤,092600,2013.0,False,-111.75,0.49
1354,(주)앤씨앤,092600,2016.0,False,-12.42,140.63
1355,(주)앤씨앤,092600,2017.0,False,-85.98,-12.42
1356,(주)후성,093370,2012.0,False,-0.97,4.79
1357,(주)후성,093370,2013.0,False,-3.28,-0.97
1358,다믈멀티미디어(주),093640,2015.0,True,-15.65,8.43
1359,다믈멀티미디어(주),093640,2017.0,False,-18.12,1.73
1360,다믈멀티미디어(주),093640,2018.0,True,-29.53,-18.12
1361,(주)동운아나텍,094170,2017.0,False,-13.85,45.4
1362,(주)동운아나텍,094170,2018.0,False,-10.17,-13.85
1363,이엘케이(주),094190,2013.0,True,-5.27,-0.93
1364,이엘케이(주),094190,2015.0,False,-2.26,1.49
1365,이엘케이(주),094190,2016.0,False,-8.67,-2.26
1366,(주)네오리진,094860,2013.0,False,-2.65,1.27
1367,(주)네오리진,094860,2014.0,False,-8.5,-2.65
1368,(주)네오리진,094860,2018.0,True,-12.63,2.48
1369,(주)푸른기술,094940,2014.0,False,-23.29,19.5
1370,(주)푸른기술,094940,2015.0,True,-17.72,-23.29
1371,제이엠티(주),094970,2015.0,True,-0.41,17.57
1372,이엠코리아(주),095190,2012.0,True,0.99,4.18
1373,이엠코리아(주),095190,2016.0,False,-1.21,1.57
1374,이엠코리아(주),095190,2017.0,False,-0.08,-1.21
1375,(주)웨이브일렉트로닉스,095270,2012.0,False,-10.79,-15.27
1376,(주)웨이브일렉트로닉스,095270,2018.0,False,-7.31,9.42
1377,(주)엔에스브이,095300,2013.0,False,-4.65,1.79
1378,(주)엔에스브이,095300,2014.0,False,-1.76,-4.65
1379,미래나노텍(주),095500,2013.0,False,-2.06,12.08
1380,미래나노텍(주),095500,2014.0,False,-7.79,-2.06
1381,AJ네트웍스(주),095570,2018.0,False,-0.58,1.57
1382,(주)제넥신,095700,2016.0,False,-31.69,3.74
1383,(주)제넥신,095700,2017.0,False,-24.27,-31.69
1384,(주)에스에너지,095910,2018.0,False,-0.37,1.73
1385,이트론(주),096040,2014.0,False,0.26,2.06
1386,이트론(주),096040,2015.0,False,-17.18,0.26
1387,이트론(주),096040,2018.0,False,-160.58,2301.71
1388,(주)대창솔루션,096350,2012.0,False,0.62,2.11
1389,(주)대창솔루션,096350,2013.0,False,-1.23,0.62
1390,(주)알에프세미,096610,2017.0,False,0.3,4.06
1391,(주)알에프세미,096610,2018.0,False,0.52,0.3
1392,(주)멜파스,096640,2013.0,False,0.88,13.41
1393,(주)멜파스,096640,2014.0,False,-6.56,0.88
1394,(주)에이루트,096690,2016.0,False,-132.44,196.34
1395,(주)에이루트,096690,2017.0,False,-2.33,-132.44
1396,제이더블유홀딩스(주),096760,2012.0,False,0.07,0.13
1397,SK이노베이션(주),096770,2014.0,True,-0.95,4.98
1398,(주)엘디티,096870,2013.0,False,-160.58,2301.71
1399,(주)엘디티,096870,2014.0,True,-160.58,-160.58
1400,(주)엘디티,096870,2016.0,False,-160.58,2301.71
1401,(주)엘디티,096870,2017.0,True,-160.58,-160.58
1402,(주)HJ중공업,097230,2012.0,False,0.27,0.55
1403,(주)엠씨넥스,097520,2016.0,True,-5.68,6.06
1404,에스맥(주),097780,2014.0,False,-3.94,46.46
1405,에스맥(주),097780,2015.0,False,-25.28,-3.94
1406,(주)마이크로컨텍솔루션,098120,2016.0,False,-36.86,166.99
1407,(주)마이크로컨텍솔루션,098120,2017.0,False,-119.78,-36.86
1408,(주)에스티오,098660,2013.0,False,-1.99,2.44
1409,(주)에스티오,098660,2014.0,True,0.86,-1.99
1410,(주)에스티오,098660,2018.0,True,0.62,1.16
1411,에스디엔(주),099220,2012.0,False,-2.13,1.66
1412,에스디엔(주),099220,2013.0,False,0.37,-2.13
1413,에스디엔(주),099220,2016.0,True,0.53,1.55
1414,에스디엔(주),099220,2018.0,True,0.82,1.26
1415,(주)동방선기,099410,2012.0,False,-1.33,2.0
1416,(주)동방선기,099410,2013.0,False,-3.39,-1.33
1417,(주)동방선기,099410,2017.0,False,-160.58,2.64
1418,(주)동방선기,099410,2018.0,False,-160.58,-160.58
1419,(주)스맥,099440,2018.0,False,-0.23,1.52
1420,(주)아이티엑스에이아이,099520,2014.0,False,-4.69,3.64
1421,(주)아이티엑스에이아이,099520,2015.0,False,-22.96,-4.69
1422,(주)아이티엑스에이아이,099520,2018.0,False,-11.62,1.01
1423,(주)씨그널엔터테인먼트그룹,099830,2013.0,False,-2.3,2.0
1424,(주)씨그널엔터테인먼트그룹,099830,2014.0,False,-4.23,-2.3
1425,(주)인지소프트,100030,2015.0,True,-160.58,19.88
1426,삼강엠앤티(주),100090,2012.0,False,0.89,1.93
1427,삼강엠앤티(주),100090,2013.0,True,-0.8,0.89
1428,삼강엠앤티(주),100090,2017.0,False,-3.09,1.76
1429,삼강엠앤티(주),100090,2018.0,False,-3.56,-3.09
1430,(주)동국에스엔씨,100130,2018.0,True,-2.8,6.91
1431,(주)SNT에너지,100840,2018.0,True,-160.58,2301.71
1432,(주)상상인인더스트리,101000,2017.0,False,-1.21,9.6
1433,(주)상상인인더스트리,101000,2018.0,False,-7.37,-1.21
1434,에스비에스미디어홀딩스(주),101060,2017.0,True,-15.76,143.26
1435,(주)인바이오젠,101140,2012.0,False,-11.39,4.62
1436,(주)인바이오젠,101140,2013.0,False,-7.15,-11.39
1437,(주)월덱스,101160,2012.0,False,-0.2,3.73
1438,(주)월덱스,101160,2013.0,False,-1.44,-0.2
1439,우림피티에스(주),101170,2017.0,True,-34.85,8.25
1440,(주)아이엠,101390,2012.0,True,-0.04,4.97
1441,(주)아이엠,101390,2014.0,True,-3.0,2.32
1442,(주)아이엠,101390,2016.0,False,-6.9,3.78
1443,(주)아이엠,101390,2017.0,False,0.77,-6.9
1444,엔시트론(주),101400,2012.0,False,0.49,8.62
1445,엔시트론(주),101400,2013.0,False,-17.06,0.49
1446,(주)에스앤에스텍,101490,2012.0,False,-0.22,3.47
1447,(주)에스앤에스텍,101490,2013.0,True,-0.6,-0.22
1448,(주)하이드로리튬,101670,2014.0,True,-160.58,2301.71
1449,(주)하이드로리튬,101670,2017.0,False,-43.66,2301.71
1450,(주)하이드로리튬,101670,2018.0,False,-160.58,-43.66
1451,한국정밀기계(주),101680,2012.0,False,0.13,14.2
1452,한국정밀기계(주),101680,2013.0,False,-2.78,0.13
1453,(주)위메이드맥스,101730,2014.0,False,-160.58,475.16
1454,(주)위메이드맥스,101730,2015.0,False,-8.79,-160.58
1455,인화정공(주),101930,2016.0,False,-0.32,2.68
1456,인화정공(주),101930,2017.0,False,-0.2,-0.32
1457,(주)에이치디,102210,2017.0,False,-0.67,2.92
1458,(주)에이치디,102210,2018.0,False,-3.09,-0.67
1459,(주)동성케미컬,102260,2017.0,True,0.59,10.75
1460,(주)쌍방울,102280,2013.0,False,-0.12,2.82
1461,(주)쌍방울,102280,2014.0,False,0.13,-0.12
1462,코오롱생명과학(주),102940,2017.0,False,-5.39,13.12
1463,코오롱생명과학(주),102940,2018.0,False,-23.27,-5.39
1464,웅진에너지(주),103130,2013.0,False,-2.86,-8.3
1465,(주)에스앤더블류,103230,2012.0,False,0.44,0.91
1466,(주)에스앤더블류,103230,2016.0,False,-160.58,2.42
1467,(주)에스앤더블류,103230,2017.0,False,-160.58,-160.58
1468,일진전기(주),103590,2012.0,True,-0.52,-0.32
1469,일진전기(주),103590,2016.0,True,0.73,2.09
1470,일진전기(주),103590,2018.0,True,0.68,1.08
1471,(주)대성파인텍,104040,2018.0,False,0.87,5.57
1472,(주)엔에이치엔벅스,104200,2012.0,True,-160.58,23.78
1473,(주)엔에이치엔벅스,104200,2016.0,False,-160.58,578.89
1474,(주)엔에이치엔벅스,104200,2017.0,True,-160.58,-160.58
1475,(주)티케이케미칼,104480,2012.0,False,-1.81,3.8
1476,(주)티케이케미칼,104480,2013.0,False,0.05,-1.81
1477,(주)코렌텍,104540,2017.0,False,-0.63,4.67
1478,(주)코렌텍,104540,2018.0,True,-4.38,-0.63
1479,(주)케이엔더블유,105330,2012.0,False,-3.29,4.61
1480,(주)케이엔더블유,105330,2013.0,True,0.13,-3.29
1481,(주)케이엔더블유,105330,2016.0,False,-0.36,4.38
1482,(주)케이엔더블유,105330,2017.0,True,-4.55,-0.36
1483,(주)트루윈,105550,2016.0,False,-11.88,-2.6
1484,(주)우진,105840,2013.0,True,-10.83,28.68
1485,(주)우진,105840,2016.0,False,-0.26,1.21
1486,(주)우진,105840,2017.0,False,-3.72,-0.26
1487,(주)하이소닉,106080,2013.0,False,-16.76,24.55
1488,(주)하이소닉,106080,2014.0,True,-12.69,-16.76
1489,(주)하이소닉,106080,2016.0,False,-3.08,1.55
1490,(주)하이소닉,106080,2017.0,False,-0.8,-3.08
1491,(주)파인테크닉스,106240,2013.0,True,-1.68,4.11
1492,(주)파인테크닉스,106240,2016.0,False,0.23,2.11
1493,(주)파인테크닉스,106240,2017.0,False,-7.63,0.23
1494,(주)노블엠앤비,106520,2015.0,False,-4.2,1.3
1495,(주)노블엠앤비,106520,2016.0,False,-6.13,-4.2
1496,(주)셀바스에이아이,108860,2014.0,False,-2.47,2301.71
1497,(주)셀바스에이아이,108860,2015.0,False,-1.15,-2.47
1498,(주)디에스케이,109740,2012.0,True,-5.74,30.66
1499,(주)에이프로젠헬스케어앤게임즈,109960,2012.0,False,-3.23,-21.05
1500,(주)에이프로젠헬스케어앤게임즈,109960,2015.0,False,-4.01,2.01
1501,(주)에이프로젠헬스케어앤게임즈,109960,2016.0,False,-6.37,-4.01
1502,(주)지유온,111820,2014.0,True,0.7,11.46
1503,(주)지유온,111820,2018.0,False,-29.43,3.06
1504,(주)위메이드,112040,2014.0,False,-160.58,324.19
1505,(주)위메이드,112040,2015.0,True,-12.98,-160.58
1506,(주)위메이드,112040,2018.0,False,-20.12,2.4
1507,(주)에스에프씨,112240,2015.0,True,-2.33,6.35
1508,(주)에스에프씨,112240,2017.0,False,-1.99,1.73
1509,씨에스윈드(주),112610,2016.0,True,-25.83,51.45
1510,디젠스(주),113810,2014.0,True,-4.55,-2.05
1511,디젠스(주),113810,2017.0,False,-0.86,2.73
1512,디젠스(주),113810,2018.0,False,-1.54,-0.86
1513,크루셜텍(주),114120,2012.0,False,-1.93,10.18
1514,크루셜텍(주),114120,2013.0,False,-2.82,-1.93
1515,크루셜텍(주),114120,2017.0,False,-7.97,1.32
1516,크루셜텍(주),114120,2018.0,False,-8.55,-7.97
1517,(주)강원에너지,114190,2016.0,False,-160.58,187.51
1518,(주)강원에너지,114190,2017.0,False,-26.56,-160.58
1519,케이피엑스라이프사이언스(주),114450,2013.0,False,-5.0,6.69
1520,케이피엑스라이프사이언스(주),114450,2014.0,True,-4.36,-5.0
1521,케이피엑스라이프사이언스(주),114450,2018.0,True,-160.58,37.42
1522,(주)휴맥스,115160,2017.0,False,0.62,4.28
1523,(주)휴맥스,115160,2018.0,True,-2.01,0.62
1524,(주)우리넷,115440,2018.0,True,0.92,28.28
1525,에이치엘비테라퓨틱스(주),115450,2012.0,False,-0.57,-82.36
1526,(주)씨유메디칼시스템,115480,2013.0,False,0.08,16.92
1527,(주)씨유메디칼시스템,115480,2014.0,True,-0.6,0.08
1528,(주)씨유메디칼시스템,115480,2016.0,False,0.58,1.6
1529,(주)씨유메디칼시스템,115480,2017.0,True,-2.2,0.58
1530,(주)씨엔플러스,115530,2013.0,False,-1.35,7.78
1531,(주)씨엔플러스,115530,2014.0,False,-12.81,-1.35
1532,(주)스타플렉스,115570,2012.0,True,0.45,-1.11
1533,(주)스타플렉스,115570,2018.0,False,0.03,1.47
1534,(주)이미지스테크놀로지,115610,2017.0,False,-160.58,2301.71
1535,(주)이미지스테크놀로지,115610,2018.0,False,-160.58,-160.58
1536,(주)알파홀딩스,117670,2016.0,False,-1.5,1.16
1537,(주)알파홀딩스,117670,2017.0,False,-8.6,-1.5
1538,케이씨코트렐(주),119650,2013.0,False,0.95,33.81
1539,케이씨코트렐(주),119650,2014.0,False,-16.42,0.95
1540,아이텍(주),119830,2012.0,False,-0.68,1.53
1541,아이텍(주),119830,2013.0,True,0.95,-0.68
1542,아이텍(주),119830,2015.0,True,-1.89,1.63
1543,(주)골프존뉴딘홀딩스,121440,2015.0,True,-1.54,22.05
1544,(주)골프존뉴딘홀딩스,121440,2018.0,False,0.15,2.81
1545,(주)나노신소재,121600,2012.0,True,-2.32,9.69
1546,(주)비덴트,121800,2015.0,False,-6.47,4.68
1547,(주)비덴트,121800,2016.0,False,-3.93,-6.47
1548,(주)코이즈,121850,2014.0,False,-0.15,-0.18
1549,(주)코이즈,121850,2017.0,False,-14.45,1.62
1550,(주)코이즈,121850,2018.0,False,-9.15,-14.45
1551,(주)에스디시스템,121890,2013.0,True,-160.58,2301.71
1552,(주)에스디시스템,121890,2016.0,False,-122.18,175.14
1553,(주)에스디시스템,121890,2017.0,False,-62.23,-122.18
1554,(주)삼기,122350,2018.0,False,0.91,3.01
1555,(주)예스티,122640,2018.0,False,0.09,11.38
1556,(주)서진오토모티브,122690,2017.0,False,-0.73,1.29
1557,(주)서진오토모티브,122690,2018.0,False,-0.83,-0.73
1558,(주)썬테크놀로지스,122800,2013.0,True,-8.52,3.68
1559,(주)썬테크놀로지스,122800,2016.0,False,0.77,7.42
1560,(주)아이윈플러스,123010,2016.0,False,0.06,-0.03
1561,(주)엠에스오토텍,123040,2012.0,True,0.21,3.14
1562,(주)엠에스오토텍,123040,2014.0,True,0.84,1.62
1563,(주)원익테라세미콘,123100,2013.0,True,0.54,4.59
1564,(주)파인넥스,123260,2013.0,False,-7.88,-8.51
1565,(주)제닉,123330,2017.0,False,-6.31,11.71
1566,(주)제닉,123330,2018.0,False,-11.16,-6.31
1567,코리아에프티(주),123410,2017.0,True,0.48,10.83
1568,한국화장품(주),123690,2018.0,False,-28.78,197.7
1569,(주)알톤스포츠,123750,2015.0,False,-10.37,20.38
1570,(주)알톤스포츠,123750,2016.0,False,-9.65,-10.37
1571,(주)한일진공,123840,2016.0,False,-1.35,80.13
1572,(주)한일진공,123840,2017.0,False,-1.8,-1.35
1573,(주)아나패스,123860,2018.0,False,-16.74,17.22
1574,(주)뉴로스,126870,2014.0,False,-0.05,4.27
1575,(주)뉴로스,126870,2015.0,True,0.61,-0.05
1576,(주)뉴로스,126870,2017.0,False,0.89,1.49
1577,(주)뉴로스,126870,2018.0,False,0.47,0.89
1578,제이엔케이히터(주),126880,2013.0,False,0.29,6.0
1579,제이엔케이히터(주),126880,2014.0,True,0.97,0.29
1580,제이엔케이히터(주),126880,2017.0,True,0.57,1.23
1581,(주)디엔에이링크,127120,2013.0,False,-9.3,1.06
1582,(주)디엔에이링크,127120,2014.0,False,-6.19,-9.3
1583,(주)티피씨,130740,2018.0,False,0.71,2.88
1584,씨제이이앤엠(주),130960,2014.0,True,-0.83,3.53
1585,(주)시큐브,131090,2014.0,True,-24.71,17.54
1586,(주)초록뱀이앤엠,131100,2012.0,False,0.33,5.77
1587,(주)초록뱀이앤엠,131100,2013.0,False,-1.24,0.33
1588,(주)대한과학,131220,2015.0,True,-0.33,2.33
1589,(주)티에스이,131290,2015.0,False,0.53,8.73
1590,(주)티에스이,131290,2016.0,True,-21.96,0.53
1591,알서포트(주),131370,2015.0,False,-160.58,8.46
1592,알서포트(주),131370,2016.0,True,-19.67,-160.58
1593,(주)이브이첨단소재,131400,2014.0,False,-8.1,6.35
1594,(주)이브이첨단소재,131400,2015.0,False,-18.85,-8.1
1595,(주)파인텍,131760,2018.0,True,0.07,1.95
1596,(주)두산테스나,131970,2015.0,False,-3.66,5.14
1597,(주)두산테스나,131970,2016.0,True,-2.43,-3.66
1598,메가엠디(주),133750,2017.0,True,-29.43,17.13
1599,(주)이퓨쳐,134060,2012.0,True,-160.58,-16.18
1600,(주)이퓨쳐,134060,2017.0,True,-160.58,2301.71
1601,(주)탑코미디어,134580,2016.0,False,-160.58,2301.71
1602,(주)탑코미디어,134580,2017.0,True,-160.58,-160.58
1603,(주)하림,136480,2014.0,False,-0.18,1.17
1604,(주)하림,136480,2015.0,True,0.82,-0.18
1605,(주)하림,136480,2018.0,False,0.22,4.29
1606,(주)스마트솔루션즈,136510,2012.0,True,-160.58,2095.51
1607,(주)스마트솔루션즈,136510,2014.0,True,-160.58,2301.71
1608,(주)스마트솔루션즈,136510,2018.0,False,-3.68,21.88
1609,(주)피엔티,137400,2015.0,True,-0.23,17.25
1610,(주)넥스트아이,137940,2017.0,True,0.84,6.38
1611,제이씨케미칼(주),137950,2014.0,True,-1.55,6.22
1612,(주)오이솔루션,138080,2017.0,False,-3.98,13.22
1613,(주)오이솔루션,138080,2018.0,True,0.49,-3.98
1614,(주)협진,138360,2016.0,True,-160.58,574.86
1615,(주)협진,138360,2018.0,False,-6.52,5.23
1616,코오롱플라스틱(주),138490,2013.0,True,0.39,3.02
1617,(주)나이벡,138610,2012.0,False,-2.68,-3.91
1618,(주)엘아이에스,138690,2012.0,False,-38.81,23.37
1619,(주)엘아이에스,138690,2013.0,False,-4.49,-38.81
1620,(주)엘아이에스,138690,2016.0,False,-6.55,10.02
1621,(주)엘아이에스,138690,2017.0,True,-1.97,-6.55
1622,(주)시티랩스,139050,2015.0,False,-4.0,605.11
1623,(주)시티랩스,139050,2016.0,False,-3.19,-4.0
1624,(주)메지온,140410,2014.0,False,-160.58,-160.58
1625,(주)대창스틸,140520,2016.0,True,-0.38,1.13
1626,(주)대창스틸,140520,2018.0,False,0.61,1.27
1627,(주)비아트론,141000,2014.0,True,0.72,6.46
1628,(주)디에스앤엘,141020,2018.0,False,-2.45,2.16
1629,(주)맥스로텍,141070,2015.0,False,-3.17,2.42
1630,(주)맥스로텍,141070,2016.0,False,-2.14,-3.17
1631,(주)녹십자엠에스,142280,2016.0,False,-3.5,2.64
1632,(주)녹십자엠에스,142280,2017.0,False,0.26,-3.5
1633,(주)아이디스,143160,2016.0,False,-9.11,388.91
1634,(주)아이디스,143160,2017.0,True,-160.58,-9.11
1635,(주)영우디에스피,143540,2017.0,False,-0.52,19.36
1636,(주)영우디에스피,143540,2018.0,True,-10.34,-0.52
1637,코오롱머티리얼(주),144620,2014.0,False,-16.35,89.81
1638,코오롱머티리얼(주),144620,2015.0,False,-6.04,-16.35
1639,(주)다이나믹디자인,145210,2017.0,False,-0.96,2301.71
1640,(주)다이나믹디자인,145210,2018.0,False,-4.73,-0.96
1641,(주)마이크로프랜드,147760,2018.0,False,-44.06,96.88
1642,(주)모다,149940,2014.0,False,-14.78,2301.71
1643,(주)모다,149940,2015.0,True,-5.83,-14.78
1644,(주)모다,149940,2017.0,False,-0.25,1.41
1645,(주)하이로닉,149980,2018.0,True,-0.28,27.2
1646,(주)인트로메딕,150840,2015.0,False,-13.03,70.59
1647,(주)인트로메딕,150840,2016.0,False,-4.46,-13.03
1648,(주)파수,150900,2016.0,True,-21.33,15.1
1649,에스비더블유생명과학(주),151910,2015.0,False,-4.69,1.3
1650,에스비더블유생명과학(주),151910,2016.0,False,-19.13,-4.69
1651,(주)네이블커뮤니케이션즈,153460,2017.0,False,-160.58,2301.71
1652,(주)네이블커뮤니케이션즈,153460,2018.0,False,-160.58,-160.58
1653,(주)솔루에타,154040,2016.0,False,-0.05,182.05
1654,(주)솔루에타,154040,2017.0,True,0.58,-0.05
1655,(주)지디,155960,2015.0,False,-22.38,4.78
1656,(주)엘앤케이바이오메드,156100,2017.0,False,-5.82,3.27
1657,(주)엘앤케이바이오메드,156100,2018.0,False,-4.4,-5.82
1658,(주)에스에이티,158300,2015.0,True,-19.61,5.64
1659,참존글로벌(주),158310,2015.0,False,-26.74,-160.58
1660,(주)제로투세븐,159580,2015.0,False,-1.74,-13.49
1661,(주)스킨앤스킨,159910,2014.0,False,-12.45,-25.32
1662,(주)넥스트엔터테인먼트월드,160550,2017.0,False,-6.92,14.66
1663,(주)넥스트엔터테인먼트월드,160550,2018.0,False,-6.46,-6.92
1664,(주)더 미동,161570,2016.0,False,-160.58,40.46
1665,(주)더 미동,161570,2017.0,False,-160.58,-160.58
1666,코아스템켐온(주),166480,2017.0,False,-58.98,-160.58
1667,(주)내츄럴엔도텍,168330,2015.0,False,-160.58,2301.71
1668,(주)내츄럴엔도텍,168330,2016.0,False,-34.59,-160.58
1669,(주)파이오링크,170790,2015.0,True,-62.26,36.61
1670,(주)파이오링크,170790,2017.0,True,-33.84,13.32
1671,엘티씨(주),170920,2016.0,True,-1.57,11.48
1672,램테크놀러지(주),171010,2015.0,False,-0.71,-2.2
1673,(주)에프엔씨엔터테인먼트,173940,2016.0,True,-160.58,954.49
1674,(주)에프엔씨엔터테인먼트,173940,2018.0,False,-160.58,958.27
1675,(주)인포마크,175140,2017.0,False,-8.19,5.22
1676,(주)인포마크,175140,2018.0,False,-0.57,-8.19
1677,(주)유테크,178780,2017.0,False,-5.45,-11.74
1678,디엑스앤브이엑스(주),180400,2016.0,False,-160.58,2301.71
1679,디엑스앤브이엑스(주),180400,2017.0,False,-17.41,-160.58
1680,마이크로로봇(주),182690,2016.0,False,-160.58,2301.71
1681,마이크로로봇(주),182690,2017.0,False,-160.58,-160.58
1682,에스지에이솔루션즈(주),184230,2018.0,False,-6.36,2.55
1683,(주)신화콘텍,187270,2018.0,False,-0.51,13.15
1684,(주)제노포커스,187420,2018.0,False,-29.4,11.55
1685,(주)나무가,190510,2017.0,True,-18.62,-0.37
1686,(주)케이사인,192250,2017.0,True,-14.27,62.85
1687,휴림네트웍스(주),192410,2016.0,True,-160.58,2301.71
1688,휴림네트웍스(주),192410,2018.0,True,-1.98,3.38
1689,(주)와이제이엠게임즈,193250,2017.0,False,-2.95,90.1
1690,(주)와이제이엠게임즈,193250,2018.0,True,-2.6,-2.95
1691,데브시스터즈(주),194480,2016.0,False,-160.58,-160.58
1692,(주)퓨전,195440,2018.0,False,-6.32,-47.28
1693,(주)에이비프로바이오,195990,2017.0,False,-3.94,1.06
1694,(주)에이비프로바이오,195990,2018.0,False,-1.31,-3.94
1695,(주)알테오젠,196170,2016.0,False,-160.58,18.32
1696,(주)알테오젠,196170,2017.0,False,-160.58,-160.58
1697,애니젠(주),196300,2018.0,False,-8.34,2301.71
1698,(주)웹스,196700,2018.0,False,0.69,1.21
1699,(주)리드,197210,2017.0,False,-7.09,2.8
1700,(주)텔콘알에프제약,200230,2016.0,False,-7.56,-30.17
1701,(주)래몽래인,200350,2018.0,True,-7.34,-58.13
1702,(주)에이팩트,200470,2016.0,True,-10.41,-8.22
1703,(주)에이디테크놀로지,200710,2016.0,False,-32.67,30.07
1704,(주)에이디테크놀로지,200710,2017.0,True,-1.02,-32.67
1705,(주)서연이화,200880,2017.0,False,-0.83,7.92
1706,(주)서연이화,200880,2018.0,True,0.6,-0.83
1707,(주)프로스테믹스,203690,2017.0,False,-160.58,196.62
1708,(주)프로스테믹스,203690,2018.0,False,-160.58,-160.58
1709,(주)스튜디오산타클로스엔터테인먼트,204630,2017.0,False,-0.74,-1.08
1710,(주)코썬바이오,204990,2017.0,False,-160.58,2301.71
1711,(주)덱스터스튜디오,206560,2017.0,True,-8.98,35.49
1712,(주)엔지스테크널러지,208860,2018.0,False,-0.83,0.37
1713,(주)에스엘바이오닉스,214310,2017.0,False,-0.02,-12.56
1714,(주)토니모리,214420,2017.0,False,-2.37,141.73
1715,(주)토니모리,214420,2018.0,False,-2.26,-2.37
1716,뉴지랩파마(주),214870,2017.0,False,-37.16,-20.44
1717,원텍(주),216280,2018.0,False,-2.01,8.37
1718,제너셈(주),217190,2017.0,False,-3.06,-16.12
1719,(주)지티지웰니스,219750,2018.0,False,-6.23,2.47
1720,(주)핸디소프트,220180,2017.0,False,-3.33,54.05
1721,(주)핸디소프트,220180,2018.0,False,-5.78,-3.33
1722,자안바이오(주),221610,2018.0,True,-36.05,3.73
1723,하이즈항공(주),221840,2018.0,True,0.97,1.98
1724,(주)쎄노텍,222420,2018.0,False,-3.58,13.62
1725,커머스마이너 (주),223310,2017.0,False,-5.13,-72.58
1726,(주)더코디,224060,2017.0,False,-1.59,-3.85
1727,(주)아이엠텍,226350,2018.0,False,-6.35,-28.34
1728,(주)오스테오닉,226400,2018.0,False,0.19,2.72
1729,동양파일(주),228340,2018.0,False,-160.58,36.7
1730,자이글(주),234920,2018.0,False,-14.09,2301.71
1731,에스티팜(주),237690,2018.0,False,-160.58,972.14
1732,(주)클리오,237880,2018.0,True,-0.35,2.13
